5.00396,-0.0109627,-0.00637152,7.8074
4.99216,-0.00240526,0.00240789,3.57975
4.99876,-0.0243287,0.000596136,4.10826
5.00362,-0.00997842,0.00293006,4.44416
5.00264,0.015414,0.00814444,2.65839
5.00561,0.0133798,-0.000940755,2.31521
4.99332,0.0129106,-0.00206081,4.05168
5.0031,0.014963,-0.0142666,4.31933
4.97835,-0.0110302,-0.00463824,6.95122
5.00521,0.00705996,0.00355662,2.11922
5.00322,0.0121663,-0.00660597,2.35251
5.01013,0.00713763,-0.00695171,2.68048
4.97975,0.00480878,7.79294e-05,13.6585
4.98629,0.000527646,-0.0119894,3.17178
4.99753,0.00733111,-0.00231307,2.45285
4.99894,-0.00252962,0.00190586,1.86321
4.98893,0.00190144,0.00135346,1.75281
5.00336,0.00146425,0.00636696,2.67702
4.99418,0.0226375,-0.0154647,16.4797
5.00102,-0.000872162,0.000314516,2.79507
5.00804,-0.0114148,0.0015405,3.02618
5.01503,-0.00752456,-0.0158163,6.39509
5.00175,-0.0192412,-0.00116641,5.39595
5.00147,-0.00541153,-0.00191796,3.20629
4.99735,-0.0121673,-0.0037359,3.99732
4.99857,-0.00654434,-0.0209824,7.54496
5.00313,0.00814687,0.0262825,11.998
5.00098,0.00789765,5.64153e-05,1.92365
4.99951,0.0131036,-0.00891304,4.56181
5.01189,0.0119446,0.0104875,3.34787
5.00467,-0.0107397,-0.0130184,3.76729
5.01596,0.0106906,0.00582376,3.92386
5.00857,-0.00357527,-0.0116205,2.16352
5.00481,0.00238628,0.012622,3.4148
5.00616,-0.00970968,0.000124837,2.21715
5.00241,-0.00398215,0.000780403,2.30351
5.0092,0.00574098,0.0092341,2.44107
4.97985,-0.010615,-0.00883343,10.703
5.00413,0.0075841,0.0127899,4.33458
5.01422,0.00760484,0.00361319,3.71826
4.98502,0.00453673,0.000333769,2.68582
4.98574,0.00698341,-0.00308323,4.52016
4.99206,0.00650669,0.00202505,3.77597
4.9923,0.0119564,-0.0155726,3.54501
5.00014,-0.000573384,-0.0036912,1.67628
4.98448,-0.00128611,0.00640773,6.85535
5.01723,0.00100776,-0.0137291,4.63948
5.00169,-0.0158015,-0.00174497,3.20205
4.99138,-0.00390964,-0.0139343,2.6052
5.0046,-0.0116619,-0.0192051,4.19317
5.01187,-0.00234127,-0.00674145,2.48305
4.99523,-0.0184196,-0.00436455,4.27755
4.9913,0.00085203,-0.00139582,1.74413
4.98588,-0.0191136,-0.00804459,3.96324
5.00301,-0.000913612,-0.00488271,2.60553
5.0031,0.0113627,0.00618271,3.05739
5.00283,-0.00874923,-0.00459319,3.96426
5.00157,-0.0044815,-0.0153709,4.11092
4.97843,-0.00423383,0.00550994,4.13374
5.01592,0.00637359,0.0115281,4.61189
5.00414,0.000432298,0.00760462,1.776
5.00895,0.00856519,0.000937193,2.61356
4.98431,-0.00099922,0.00533437,3.28535
4.9832,-0.00995699,0.00429685,7.35582
4.98162,0.00327234,-0.00373669,4.07663
5.01666,0.00654462,0.0142832,3.92112
5.01987,-0.0175744,-0.01074,17.8077
4.99303,0.00176508,0.01134,3.84106
5.01175,0.00200865,-0.00905765,2.86095
5.00145,0.00801065,-0.00200838,3.82437
4.99345,0.0126069,-0.010183,5.18278
5.01339,0.0146614,0.0155533,4.99556
4.99536,-0.0228139,-0.0187461,16.3231
4.99711,0.00926368,-0.00459962,2.98444
5.00813,-0.000962891,0.012219,4.01911
5.0103,0.0111381,0.000960458,2.90379
5.00934,0.000305723,0.0176063,5.74277
4.99166,0.00710225,0.0149926,9.55428
4.98579,-0.0159805,0.00596136,4.51476
5.00387,-0.00520298,-0.00673689,3.11861
5.01531,0.00216737,-0.000291304,4.22396
4.99673,-0.0114217,0.0215203,7.13674
4.99554,-0.0156225,-0.00660947,3.86662
5.00234,0.0115313,-0.00162958,2.60073
4.99803,-0.0100508,0.00351832,2.40945
4.99199,0.00904196,-0.00701985,3.88458
4.98936,-0.0103513,-0.00415832,4.66379
5.00805,-0.00957388,-0.0145325,5.41881
5.00088,0.00760891,0.00562202,3.94774
5.00317,0.00419172,-0.00808437,3.01856
5.01003,-0.00161568,-0.00166591,2.30837
4.9975,-0.0195037,-0.00390735,3.77149
5.02158,0.00839074,-0.0127931,12.2285
5.00818,0.0134007,0.0177028,6.6961
4.97919,0.000721686,-0.000790486,11.9332
4.99883,-0.00461154,-0.00624327,2.26189
4.98217,-0.00286758,0.0137309,5.62338
4.98754,0.00157523,0.00178177,4.19808
5.01193,-0.0133582,0.0011115,4.33535
5.00304,0.00384255,0.00256417,2.28102
4.99544,0.0139937,0.00615158,4.48481
4.98335,0.00961832,0.0195759,11.3958
4.98758,0.0149903,0.00646458,8.4582
4.98732,0.00305905,0.0119027,3.58092
4.98856,-0.00197568,-0.0153737,4.24241
4.98312,-0.00587929,-0.00354232,3.02614
5.00066,-0.00299011,-0.00986414,2.08226
4.99544,-0.005351,-0.0285163,18.3026
5.0077,-0.00351534,-0.00184914,2.34483
4.99938,0.00336955,-0.0091016,2.89799
5.00629,-0.000505938,0.00199702,2.60408
4.99449,-0.00952976,0.00497286,2.48224
4.9867,-0.0120645,0.0194337,6.7938
5.00714,-0.000769834,0.00177726,2.00618
5.00532,0.0134495,0.00101429,3.88662
5.0066,-0.00355568,-0.00471306,2.92452
5.00095,-0.0106955,0.0134196,3.63301
5.01485,0.021343,-0.00953481,6.56774
5.01141,0.000402694,0.00954783,4.05632
4.97666,-0.00698654,0.000716123,3.44779
4.99969,0.00257393,0.00775983,2.1937
4.99956,-0.0035194,-0.0023999,1.79193
4.99365,-0.00432395,-0.00415786,1.63207
5.0201,-0.00406395,0.0081605,8.15504
5.01432,-0.0102686,-0.00819184,4.35195
4.99053,-0.0143522,-0.0143767,6.45757
4.97648,-0.000491577,-0.0103278,30.232
4.97182,-0.00724546,0.00375746,31.1946
4.9849,0.000709803,0.0089005,3.89574
5.01266,0.000328705,-0.00780277,3.38771
4.99582,0.00266941,-0.0235186,16.8571
5.01388,0.00304796,0.00443029,3.69228
4.98654,-0.00208022,-0.00525551,5.11032
5.00246,0.00108702,0.0129603,3.61
5.00323,-0.00796721,-0.00321209,1.85993
4.99022,0.00553169,-0.0206658,10.0274
4.99204,0.0103498,-0.00724478,3.80172
4.99892,0.00766662,-0.0103254,2.52549
5.00249,0.00430558,0.0121961,2.47965
5.00961,0.0090136,-0.000954434,2.57938
5.0054,-0.0194064,-0.0109518,8.9386
4.98948,-0.0115133,-0.0184549,7.41383
5.01267,-0.00724952,0.00215227,2.79633
4.98598,0.0103166,0.00817027,4.25109
4.98883,-0.00730031,-0.0114438,2.87888
5.00238,-0.00627549,-0.00628746,5.04405
4.99931,0.00570741,-0.00755648,2.89348
4.98332,-0.0126375,-0.00358238,5.72715
5.00501,-0.00652137,0.00122225,2.76938
5.01071,-0.0147008,0.0132607,3.87836
5.00507,0.00284049,-0.010297,4.85519
4.97923,-0.00154392,-0.0165902,12.9591
5.001,0.0162468,0.0125961,4.02307
5.00245,0.00780451,-0.0130534,3.85461
5.00095,0.000955223,-0.0104437,2.85485
5.00178,-0.00531843,0.0156099,7.45976
5.00525,-0.00674792,0.00669742,4.11374
5.00859,-0.00742773,0.00311333,4.70279
5.00274,0.00190174,-0.00620989,2.59741
5.00773,-0.00277764,0.0178165,12.5768
5.01166,0.00907961,0.00513346,3.28857
5.00243,0.00489959,-0.0134791,7.34121
4.98993,0.0028804,0.00269143,3.49177
5.01415,0.0114243,0.0093683,3.95764
5.0063,0.00978124,0.0137128,3.20715
4.99456,0.000269241,0.00271586,1.97289
5.00635,0.011714,0.0112055,3.41704
4.99625,-0.00164073,0.00205401,1.91326
5.00889,-0.0123196,0.000396947,3.07239
4.9921,-0.0110106,-0.00367521,2.76305
4.99424,0.000380337,0.00525402,4.04562
4.99259,0.00662729,-0.00677122,2.54356
5.00029,0.00500332,-0.00416183,1.76614
4.99677,-0.0244615,-0.0330297,24.3426
5.00408,0.00726367,0.00747049,2.33618
5.0132,-0.0107585,0.0044791,4.84004
5.01357,-0.0132324,-0.00558933,4.14397
5.0218,0.0075422,0.000540618,10.2189
4.99074,-0.0191391,0.00813036,8.7702
5.00554,0.00193232,-0.021619,13.8108
5.00612,-0.0131391,0.00747593,4.6943
4.9995,0.0227706,0.00633064,6.91098
5.01039,0.0093882,0.0175091,16.6479
4.98844,-0.0136372,0.00251319,2.6719
5.00464,0.0141577,0.0234149,12.8521
5.00962,0.00785391,0.00696924,2.48723
4.99921,-0.0190543,0.00762883,9.1614
4.9882,-0.00264196,-0.0125315,2.56721
5.00076,0.00774994,-0.00990209,3.63025
4.98711,0.0071038,-0.0156818,6.2238
4.99168,-0.0134357,-0.00596304,3.61633
4.99827,0.0151892,-0.00387255,3.20144
4.97776,0.0168901,0.00238995,12.1341
4.99909,-0.000105649,0.0023539,2.47096
5.01094,0.0119095,0.0162206,5.93688
5.00376,-0.00305104,-0.00630342,2.09619
4.98879,-0.000742307,0.00606361,2.28172
5.01531,0.0234265,-0.0114209,9.59496
5.00702,0.00315736,-0.00793597,2.72258
5.01671,-0.0017464,0.00892758,3.99131
5.00133,0.00482667,0.00182605,3.83187
4.97876,0.00364215,0.00265928,9.00764
5.00623,-0.0137355,0.00109918,3.77421
5.00415,0.00470739,0.00330299,3.62767
5.01676,-0.00108714,0.0205646,19.1274
4.99155,-0.010396,0.00839772,2.73425
4.99363,0.0254176,0.00104365,10.2412
4.99974,0.00930961,0.0121648,3.11092
5.016,-0.0107642,-0.0139684,5.04883
4.99728,0.0109498,-0.00749495,4.67643
4.98747,0.00425715,0.00824085,3.53738
4.9948,-0.00510915,-0.00904682,2.34531
5.00507,0.0028878,-0.0106752,3.51685
5.00675,-0.00740942,0.00249558,3.08413
4.99018,0.00379504,0.00462156,2.79002
5.00454,-0.0156761,-0.021263,12.1729
4.99686,-0.0165965,0.00839831,10.0118
4.99804,0.00221623,0.0252869,10.9362
4.99911,0.0125017,0.000979029,3.26517
5.00736,-0.000678807,0.00796204,2.28145
5.01025,0.00643849,0.00962526,3.53193
5.00734,-0.0144311,0.0203112,8.70922
5.00621,-0.0278153,-0.00321309,25.9242
4.98802,-0.0105339,0.0115552,3.8871
5.01274,0.00328003,-0.0117284,3.3855
5.00191,-0.00771635,-0.00602746,2.94511
4.99913,-0.00236257,0.0074265,4.19633
5.00254,0.000734091,-0.00211843,2.4425
4.98937,-0.00582319,-0.00824681,3.83827
4.99748,0.00369306,-0.0167127,5.44229
4.99904,0.0012304,0.0011486,2.63662
4.98891,0.00498559,-0.00112383,2.85288
4.98662,0.0132176,0.00214889,5.93795
5.00022,-0.0117736,-0.00949153,2.87128
5.02555,0.0166007,-0.00601103,38.9541
5.01237,-0.012538,0.0138181,5.01254
4.9992,0.0151999,-0.00902981,4.18523
4.99254,0.013567,-0.0267412,17.6913
5.00225,-0.00247926,0.00728463,3.07867
5.00208,0.00846396,-0.00941562,2.66111
5.01235,0.00484216,-0.0087025,2.95637
5.00428,0.00662412,-0.00889316,3.01103
4.99266,0.00572168,0.0120864,4.06761
5.01308,-0.0169527,0.0325928,21.6064
5.00104,-0.000594288,-0.00684511,2.21687
4.9981,0.0151362,0.0046181,4.99914
4.99355,-0.000770352,-0.00531112,2.41356
4.99862,0.012711,-0.00752972,4.16531
4.98754,0.0212808,0.00488061,5.86156
5.00353,-0.0141109,0.000776755,3.74794
4.98511,-0.0055697,0.00663396,5.98498
5.0026,-0.0118465,0.00537847,2.85263
4.99977,0.0142991,0.0103435,4.99065
5.00127,0.00171433,-0.00568671,2.69009
5.00668,-0.0341996,0.00657508,25.5108
4.99071,0.0112295,-0.0102445,3.26772
4.99287,-0.0150585,0.00712485,4.7103
4.9958,0.0122588,-0.0129022,6.36036
5.01047,-0.0212811,-0.00393667,8.64127
4.99546,0.000203736,0.00683595,2.3301
5.00445,-0.000906266,-0.00263594,2.91605
4.98765,-0.00118943,-0.00797302,4.60107
4.98937,0.00731607,-0.01632,3.72393
5.00601,0.00183285,0.00340142,2.36629
4.99221,-0.00322517,0.00522939,2.2605
5.00742,0.0242708,0.00748651,8.92041
5.01489,-0.00235361,0.00643546,4.10979
5.01348,-0.00400284,-0.0248896,19.368
5.01485,0.00994732,-0.000820628,4.46404
5.00413,-0.00188822,0.00381944,3.94333
4.99708,-0.00936391,-0.000641824,2.17493
4.98726,0.000951861,-0.0148043,5.37519
5.016,-0.000934074,0.00568799,6.11729
5.00104,0.0140317,0.00464715,3.3551
4.97801,0.00127154,0.005711,7.89699
4.99553,0.0072466,0.0133118,3.33034
5.00489,-0.000995016,-8.52614e-05,2.63558
5.00546,0.00232642,0.00917179,3.22373
5.00181,0.00314797,-0.0177236,6.94897
4.99258,0.00357645,-0.0135889,5.42929
4.9904,-0.0024632,-0.00411472,2.52325
5.00949,-0.00838316,0.00480852,3.83357
4.98993,-0.00875398,0.00378264,2.28151
4.99878,-0.0010826,0.0139162,3.90336
4.99129,-0.00451217,0.0138556,4.61644
4.98692,0.00482209,-0.00693535,2.80913
5.01106,0.00159355,0.020161,9.45778
5.02045,-0.0109768,-0.0045361,6.46535
5.01938,0.00216108,0.00479942,3.09568
5.01024,-0.00886074,0.014248,4.55199
5.00554,0.0202527,-0.00538293,7.01595
5.00328,0.0133348,0.000886426,2.31228
5.00702,0.00100341,-0.00892502,3.73171
4.99737,0.0112468,-0.00746284,2.34715
5.0085,0.00741834,-0.00838715,3.30646
5.02392,-0.0024628,-0.0216402,35.1212
5.0013,-0.00324535,-0.00696153,3.09581
4.98976,0.000612084,-0.0149469,5.22083
5.01607,0.000797851,-0.0126478,6.35756
5.00717,0.0186674,-0.0191776,9.70312
4.99563,-0.00917824,-0.000813209,2.8033
4.99638,0.021663,-0.013644,12.1486
4.99747,0.0137351,-0.0065283,5.66829
5.0135,0.000421759,0.00999895,3.70627
4.99719,-0.0102362,0.0101752,3.3953
5.00765,0.00396589,0.013109,5.21468
4.99769,-0.0155682,0.00527912,3.38655
5.01133,-0.00767878,0.0145176,5.5426
4.98978,0.00766157,0.00752154,3.09301
5.01432,-0.00205571,-0.00737622,4.10171
5.00404,0.000865578,0.00864012,2.80153
5.00317,0.00642813,-0.00696251,2.36898
5.00121,0.00388531,0.00824651,3.14553
5.00346,-0.000114733,-0.00356664,3.00105
5.00095,-0.00788336,-0.00690173,5.64641
5.00977,0.00115298,-0.00635018,3.56404
4.99659,-0.0128375,0.00746824,4.10838
4.99934,0.0158577,0.0157086,9.17237
4.97885,0.0024866,-0.00718488,12.4184
4.98148,-0.00670694,0.00104548,7.50564
4.99697,-0.00275706,-0.00263606,1.96957
5.00189,0.00967729,-0.0149902,5.36028
5.01258,0.009626,0.000779132,5.82653
4.99986,-0.0120991,-0.00237671,3.03968
5.01255,0.00719273,-0.002629,2.74201
5.01227,0.00148994,-0.000105806,3.737
4.98645,-0.0110138,-0.00181141,2.8528
4.98201,-0.0139103,-0.00270347,8.13918
5.0066,0.00880939,-0.0146107,5.42517
5.0006,-0.00265032,-0.00926082,3.54352
5.0047,-0.00821527,0.00612573,2.30985
5.01522,-0.00412845,-0.0113098,3.49819
4.99353,-0.00613586,0.00448738,2.12977
4.99003,-0.0295494,-0.017004,27.2857
5.01101,0.00110828,0.000430658,2.69659
5.00443,-0.0153973,-0.0072844,8.95679
4.99324,-0.00181539,-0.00550166,3.46066
5.0004,-0.00343917,-0.0236952,14.1185
4.99481,0.00698535,-0.0060271,3.62172
4.97909,0.00934807,-0.00559507,16.4763
4.98842,0.00758139,-0.00127599,4.51252
5.00107,0.0223902,0.00171711,11.0907
4.99418,0.00722899,0.00444295,3.88307
4.98323,-0.00922253,0.00348389,9.68505
5.01966,0.0151254,0.00236131,11.2061
4.97812,-0.00685709,0.0194327,12.4357
5.01091,-0.0074172,-0.000666903,2.46334
5.00765,-0.0232141,-0.0116412,4.72008
4.9964,-0.004285,0.00360854,3.13231
5.00607,0.00921107,-0.019876,9.861
4.99646,-0.00714678,0.00141367,2.97054
4.98401,0.00625657,-0.00495574,5.89161
4.9921,0.0166687,0.000908201,5.11937
4.98357,-0.00393036,0.0120001,7.10703
4.98694,0.0109111,0.0135005,5.66789
4.99107,0.00606881,0.0120417,3.52329
4.99752,0.00131764,-4.42131e-07,2.58889
4.99309,0.00785616,-0.0136974,5.7196
5.00264,-0.00555792,0.00802825,3.32291
4.99334,0.00899924,-0.0055603,3.71126
5.00759,-0.0316913,0.000774391,23.2351
4.99229,0.00130325,0.0105117,2.84691
5.01088,-0.0111458,-0.00188539,3.57383
4.99447,0.00291215,-0.00528483,1.97244
4.99408,-0.00600285,0.00220324,2.55775
4.9881,0.00116656,-0.000872148,3.74677
5.00716,0.00996958,-0.00530613,2.87418
4.99688,0.00837747,0.011557,2.63349
5.00354,0.00107493,0.00484799,4.1259
5.02711,-0.0119447,-0.00524677,13.4349
5.00525,-0.00581249,-0.00297821,2.60029
4.98912,-0.0100456,0.00818356,3.65792
5.02136,-0.00532977,0.0155766,12.4147
4.98537,0.00651598,-0.0125797,5.04301
4.99743,0.00993249,-0.0101086,3.05533
4.99802,0.00932627,-0.00418425,3.43077
5.00131,-0.00679978,0.0163936,10.9766
4.98219,0.0106235,0.00175258,5.6087
4.98663,0.00261569,-0.0103116,4.08479
5.00883,-0.0162402,0.00112127,6.7335
5.00841,0.0075213,0.00708621,2.76866
4.97919,-0.00383966,-0.0175601,13.7343
5.00129,-0.0133999,-0.00392583,2.8806
4.99448,0.00242773,0.000457322,1.84985
5.0125,-0.0232455,-0.000236581,17.297
4.98675,-0.0106872,-0.00192745,3.24966
5.003,-0.023923,0.00103665,15.8962
5.00798,0.00235622,-0.00592458,3.13248
4.98294,0.0130906,-0.00546067,6.07355
4.99657,-0.0097832,0.0122497,5.65182
5.01038,0.00901045,0.0166174,5.74373
5.01156,0.0217348,-0.0188602,9.95623
4.9935,0.0199452,-0.0103901,11.7005
5.00251,-0.0128813,-0.00615761,3.75783
5.01098,-0.0093665,0.000630182,2.9483
4.99594,0.0137808,-0.00581558,4.6181
5.01204,-0.00191364,0.00905313,3.49144
5.00343,0.000774574,0.00704112,3.10206
5.01856,-0.00987544,-0.0146714,8.98428
4.99548,-0.00122259,-0.0233719,11.3981
4.9999,0.000822319,0.00915475,3.85713
5.01584,-0.00185149,-0.0146375,5.33949
5.00906,-0.0020182,-0.00669562,2.95673
4.99785,0.0052032,0.000700552,2.81188
5.01634,0.00174816,0.00463614,4.01552
4.99561,0.0147653,0.00155624,5.62005
4.99814,0.00846751,-0.00336824,2.93543
5.00699,-0.0115483,-0.00775787,3.09744
4.99965,0.00413676,0.00349734,1.8375
5.00154,0.0114207,-0.00243065,3.43772
4.98015,0.0124106,0.00834533,6.04587
5.00182,0.00641514,-0.00313894,2.38953
5.00017,0.0100727,0.0116368,4.04543
4.9965,0.0162929,0.00953765,7.03679
4.99893,0.0119179,0.00262796,3.07343
5.00772,-0.0134054,0.0133483,4.04998
5.01375,-0.0106967,0.000903615,4.90658
4.99234,0.00300273,0.008745,2.83842
4.99697,-0.0157942,0.00246688,6.39456
5.00544,-0.00834631,0.00392357,3.31447
5.0007,0.0178199,0.0110021,5.43982
5.0079,-0.0136472,-0.00393476,4.75128
4.98623,0.00875824,-0.00167151,3.11818
5.00989,0.00610892,0.0121243,4.90205
4.9759,-0.00155113,0.00162439,21.5031
5.02006,-0.0103034,-0.00670933,10.035
5.00739,0.0099258,-0.0235201,10.0242
5.00108,0.00677714,0.00976749,4.22783
4.99959,-0.00641455,-0.0159387,8.12813
5.00464,-0.000454342,0.00838515,2.78775
5.01746,-0.00158615,0.00698183,8.71571
4.99888,0.00393246,0.011434,2.60013
4.98321,-0.000410211,-0.0115077,6.80093
5.01834,-0.00169394,0.0044485,5.81912
5.00923,0.00138538,-0.00957003,3.26707
4.99641,-0.0123496,0.0154173,4.86618
5.01363,0.017131,0.00576648,5.32315
4.98916,-0.0100353,0.0160833,7.11091
5.00877,0.00955294,0.00661425,4.11222
4.99085,0.0218303,-0.0070984,10.4075
4.99512,-0.00325478,0.0106298,2.8646
4.99804,0.00596358,-0.00305472,2.97523
4.99144,0.00111923,-0.00714674,3.98403
4.99818,-0.0115316,-0.0187403,8.18921
5.01125,0.00907211,0.00561553,3.25337
5.00568,0.00925926,0.0126172,3.24551
4.98612,-0.0105217,-0.00326034,3.33932
5.00574,-0.016329,0.0165691,7.86189
4.98409,-0.00880806,-0.00136116,3.27631
5.00845,-0.0208777,0.00175239,11.4592
4.99689,0.000146905,0.0103129,3.29916
5.00683,0.00202605,0.0022757,2.72873
4.98977,0.00686514,0.00784896,2.79543
4.991,0.00444069,-0.0091453,2.9002
4.99204,0.0164042,0.00911879,5.26615
5.00574,0.0142169,-0.000575369,3.56114
4.98698,0.0043272,-0.00192227,3.26237
4.99507,-0.00174978,-0.0136704,4.51795
5.01575,-0.00959138,-0.00461266,4.2914
4.99161,0.00914671,0.00599692,3.65172
4.98749,-0.00456983,-0.0134844,4.04943
4.99741,0.00359481,-0.0119886,3.7448
4.99425,0.00196626,0.00671722,2.85829
5.00581,-0.00241597,0.0132051,3.74278
4.97831,0.0160835,0.0130549,12.6751
5.00139,-0.00354096,0.00737447,2.56811
5.01544,-0.0129975,-0.00625824,5.8089
4.99998,0.00155401,-0.00358311,2.8756
4.98977,-0.00032364,-0.00596187,7.61905
4.99346,0.00102296,0.0139986,4.23637
5.00194,0.0016163,0.00943799,4.00249
4.97898,0.00313808,0.00751969,17.219
5.00338,-0.0116141,-0.00432218,3.24348
4.9966,-0.00160452,-0.00123533,2.83276
4.9952,0.00712918,0.00795874,2.78158
4.99883,-0.0145002,0.000887293,4.02125
5.0029,0.00951301,0.0126633,3.8865
4.99397,0.00788598,-0.0128439,3.06939
4.98212,-0.000515291,-0.00397426,11.6559
5.00667,0.00433031,0.0105221,3.97812
5.00375,0.0137376,-0.000685018,3.52058
4.99813,-0.0062329,-0.0137215,3.5975
4.99061,0.00317958,0.0030108,2.02386
4.98662,0.021979,-0.0125531,12.0652
4.98653,-0.00887052,-0.00403384,4.38776
5.00261,-0.00237385,-0.0200933,5.99934
5.02028,0.0157626,-0.00447791,21.2303
5.01316,0.0107796,0.00101444,3.32517
5.00476,-0.000322593,-0.0156328,5.7914
5.01509,-0.0164533,0.000180097,7.13025
4.99228,-0.00569413,0.0105992,4.39758
5.01004,0.0124049,-0.0224474,9.25411
4.99978,-0.00453496,-0.00916383,3.26301
4.99889,0.0149376,0.00699923,5.16478
5.00709,-0.0208932,-7.66777e-05,8.51513
4.99173,-6.70838e-05,-0.0224309,17.3841
4.99056,0.0138513,-0.00224162,3.09292
5.0022,-0.00492319,0.0200451,8.95073
5.01816,-0.0168379,-0.0101112,7.75816
4.98449,-0.0045753,0.00348122,3.44694
5.0064,0.000920972,-0.000126185,2.75171
4.99752,0.00904359,0.00283499,3.18637
4.99406,-0.0158999,-0.00704647,3.76894
5.00815,-0.0103156,-0.00612418,4.0467
5.00172,-0.0169673,-0.0107836,7.51345
4.98661,0.0122654,0.000247586,5.22738
5.00555,0.0106442,0.000141123,2.88244
5.00341,-0.0167493,0.020329,4.55564
5.00556,-0.0115373,-0.00469258,3.52186
4.98521,0.00586754,-0.00387023,4.06041
4.99736,0.00662365,-0.00995012,1.99605
4.99161,0.0224271,-0.000699728,10.0618
5.01436,0.00328691,-0.00872573,4.58537
5.02179,0.0111123,0.00160799,21.5108
5.00366,-0.0137392,-0.00527283,3.07867
5.00345,-0.000978763,-0.00788438,2.79696
5.01161,0.00869567,0.0139506,4.99192
4.99874,0.0216148,-0.00638154,16.9593
4.99415,-0.00136587,-0.00161602,3.34658
4.99361,0.00967076,0.0194915,11.9217
4.99164,-0.00402111,-0.00655775,2.78375
5.00344,-0.00950238,0.00172397,1.98144
5.00001,0.00341069,0.0246225,27.8329
4.9873,0.00129672,-0.000591654,5.70523
5.00421,-0.0049764,-0.00315095,2.58669
4.99263,-0.00465089,0.0036871,3.39549
4.98484,-0.00243428,-0.00178407,5.71972
4.99253,-0.000718306,-0.0181258,6.75195
4.98504,0.0127013,-0.000222509,12.1767
4.98775,-0.0064359,-0.00310364,3.18758
5.00671,-0.0115027,-0.00320699,2.68901
4.9853,-0.00376035,-0.0010345,2.89432
4.98618,0.00159123,0.00803841,4.47376
4.99824,-0.0176944,0.00937877,6.64328
5.01797,-0.0107219,0.00111526,6.10417
4.98929,-0.00542677,0.00492478,1.70973
5.00446,-0.00159422,0.00602109,3.85857
4.9882,-0.00122557,-0.0149814,3.02037
5.01721,0.00317868,0.00543809,5.71821
5.00522,-0.0166783,0.00686742,4.44123
4.99402,0.00120066,-0.0126226,6.93181
4.98226,0.000313032,0.018435,13.7135
4.99983,0.0121723,-0.00381239,2.74648
5.00189,0.010933,0.000786078,2.7106
4.98507,-0.0095809,0.00204028,4.81238
5.00527,-0.00361426,-0.0172362,7.45541
4.99923,-0.00540542,0.00448699,2.65947
4.99536,-0.00605739,0.00787761,2.75981
5.00227,-0.00163447,-0.00360129,2.72237
4.99553,-0.0122838,0.00644582,2.79867
5.00691,-0.00398406,-0.0148633,3.96197
5.0037,0.0159335,-0.0139887,8.83118
5.00159,-0.0108495,-0.000656291,2.5568
4.99724,0.00554925,0.012485,4.23108
4.98835,-0.0196694,0.00413029,6.7168
4.99154,0.00294339,-0.00789362,2.39179
5.0031,-0.00122404,-0.00763136,3.28149
5.00878,0.00788185,-3.61305e-05,3.84404
5.0123,0.00195793,0.00819057,6.37682
5.00405,-0.0108602,-0.00150013,2.28306
4.99882,-0.0184768,0.0134394,10.1431
5.00183,0.0106689,0.00168415,4.53221
5.00744,-0.0002793,-0.00150664,2.74215
5.00267,0.00722401,0.0123041,3.54965
4.99974,-0.00283424,0.00121424,3.69343
5.00718,0.000312311,-0.0103014,3.78029
4.99332,-0.009777,-0.0092244,2.83695
4.99799,-0.0143902,-0.0114834,4.47164
4.99979,-0.00823534,0.00474603,3.64062
4.99523,-0.00683922,-0.00626316,2.96773
5.00328,-0.00109681,-0.011428,3.7365
4.98481,0.00168907,-0.00369447,6.06422
4.99231,0.00366172,0.00941427,3.57132
4.99789,0.000663708,0.00306379,3.54529
5.0073,-0.00540978,-0.00203232,2.21699
4.99847,0.00269809,-0.00572481,2.2554
4.98857,0.00145411,-0.0109623,2.90174
5.00228,0.000852951,0.00791816,3.21454
5.00393,-0.00788852,-0.000826473,3.30136
5.00143,0.00967864,0.00441764,3.33837
5.00864,0.00527764,0.000724383,2.3714
4.99738,-0.010643,0.00577264,3.23116
4.99204,-0.00561255,0.000605621,3.81236
5.00369,-0.00175739,-0.00254105,2.97598
5.01863,0.012323,0.00272674,7.23256
4.99259,0.0142393,0.000778986,4.35348
5.00476,-0.0212774,0.0213103,11.9813
5.00143,0.00885114,-0.0151981,5.20903
5.00494,-0.00252023,-0.00233587,3.19456
5.0045,-0.00761243,0.0162935,7.15421
5.00558,0.00105543,0.0215772,11.789
4.99327,-0.010341,-0.00389813,2.59477
4.99543,-0.015352,-0.0119608,4.8664
4.996,0.000915256,-0.0137298,4.57281
5.00334,0.00183735,0.0133876,5.03292
4.98535,-0.010908,0.00377966,5.61768
5.0172,-0.00365487,0.00893492,6.72377
5.00609,-0.00859136,-0.00148492,2.51078
4.98258,0.00762829,-0.00387617,4.785
4.99827,-0.0137152,0.00176879,4.9727
4.99322,-0.000875004,-0.00399362,3.03205
4.99377,-0.0129219,-0.00364778,2.87866
5.01709,-0.0033495,-0.00753876,5.69921
4.99931,0.0221823,0.0041921,16.0151
4.99072,-0.011505,0.00575216,4.9525
5.00849,-0.0199362,-0.00811108,11.3402
5.00171,-0.00611555,0.00546322,3.37357
4.99754,-0.017449,-0.000874524,6.17241
5.00915,0.00197142,-0.0023272,2.25294
5.01238,-0.00214791,0.00241442,4.27803
4.99799,-0.0152432,0.0110232,4.41023
5.00163,0.00845276,-0.00206481,2.09455
4.99488,0.0089116,0.00153348,2.62005
5.00749,-0.00710687,-0.0221192,8.76066
4.99174,-0.00494289,-0.00131315,2.09355
5.00854,0.00537046,-0.00936521,3.23678
5.01211,-0.00705145,-0.00367312,5.05705
5.00878,-0.00881461,-0.0272118,19.7575
4.99692,0.0147493,0.0218946,12.1853
4.99136,-0.0118257,-0.00663553,3.52279
5.01458,0.0102212,0.0156252,6.12433
4.99342,0.00480781,0.0016481,3.05876
5.00487,-0.00879458,-0.00263565,2.79832
5.00142,-0.0112269,0.0109038,4.17972
5.00823,-0.00601614,-0.00127194,2.30723
5.01895,-0.00842196,0.00974321,13.4464
4.98789,-0.00515958,0.0203634,20.878
4.98369,0.0160037,-0.00160301,6.60185
5.00433,0.0055109,0.00683163,2.5614
5.00037,0.00981855,-0.000664196,2.56803
4.98794,-0.000481386,0.005016,2.44857
4.98501,-0.00518115,-0.0090886,5.11696
4.9973,0.00699559,-0.00507898,2.82172
4.99133,-0.00962553,-0.0153589,7.00671
5.01381,-0.00627646,-0.00609887,5.19716
4.98384,-0.0116997,0.00275876,5.9893
4.99105,0.00758849,-0.00790424,3.80278
5.01524,-0.014337,0.00113834,5.94335
5.0006,-0.0040527,-0.0156809,4.83792
4.99812,-0.0159563,-0.019738,7.05121
4.99623,-0.00841145,0.00917872,3.49314
5.01085,-0.00506825,0.00658166,3.73877
4.99101,-0.0168732,0.00483528,5.03965
4.99946,-0.00705432,-0.0210941,17.8676
5.00852,-0.024472,0.0127964,16.0065
5.00058,-0.00486237,-0.0090643,4.59384
5.00866,0.00612861,-0.0147097,6.26184
4.99638,-0.00292098,-0.0159584,3.34583
5.00369,0.00078457,-0.0172109,7.0498
5.00236,-0.0115189,0.00343343,3.20571
5.01279,-0.00633564,0.00364591,4.18893
4.99169,-0.00673532,-0.0167798,5.07096
5.01212,-0.000162087,-0.00297246,5.12592
5.0021,0.0111518,-0.00105627,3.44105
5.01062,0.000814395,-0.0292186,14.5817
5.00473,0.00779883,-0.00314725,2.84671
5.00974,0.0108439,-0.00241975,9.21582
5.01038,0.00117565,0.00320469,2.4231
4.9902,0.00511052,0.0232347,17.8954
4.98974,0.00260615,0.00223891,4.46145
4.98315,-0.0214308,-0.00364897,16.603
5.0016,0.00740425,0.00972753,3.16187
5.01073,0.00771647,-0.0138731,6.38754
4.99783,0.0075798,-0.0108427,2.65953
4.99874,0.0129204,0.00814706,3.4606
5.01256,0.00372886,0.00577725,4.50466
4.98829,0.0119868,-0.00792008,6.14641
4.99388,-0.00327067,0.0127757,3.73851
4.98168,0.00488698,0.00665241,7.30357
4.99658,-0.00746215,0.0116777,3.70251
5.01455,0.00577785,-0.00294761,6.16763
4.98406,0.013668,-0.0175106,8.0127
5.01049,-2.63045e-05,-0.00470442,3.91718
5.00229,-0.0122322,0.0296058,14.9389
4.99952,0.00483518,0.00214602,2.32239
4.99181,-0.0110421,-0.00638298,3.54034
4.99065,-0.00641539,0.00263336,3.06505
5.00139,-0.000650383,-0.0050832,3.00036
4.98894,0.0100068,0.00213469,3.56335
4.99216,0.0171575,-0.00843739,8.6928
4.99108,0.0129389,0.00243401,4.08825
4.99185,0.00530947,0.0138497,3.50032
4.98441,0.0115461,-0.0155975,6.68457
5.01489,0.024473,-0.00967019,21.363
4.99435,0.0162891,0.00175731,7.77034
5.01367,0.00868262,-0.00135537,3.51698
5.01914,-0.00149672,-0.0116582,13.0828
4.99709,-0.0161968,0.000223494,4.90152
5.01193,0.000576191,0.0181182,9.46576
4.99253,0.0057358,-0.00209678,3.36625
5.00104,0.0124109,-0.00132896,4.07443
5.00052,0.000497663,-0.000286205,2.75468
5.006,0.0179484,-0.00137927,11.5286
5.00233,0.00606213,-0.00393417,3.71746
4.99585,-0.00314372,-0.0056797,3.73964
4.99863,0.00320856,-0.000118463,2.70286
4.99412,0.0183081,-0.0106121,8.02766
5.00831,0.0137757,0.00883152,4.31799
4.99529,0.0144969,0.00624203,5.34456
5.01512,0.00263913,0.00780141,6.35102
4.98142,0.00208529,0.000718955,12.0949
5.00728,-0.0068022,0.000550224,2.36615
4.98008,-0.000224777,0.00263696,11.7037
5.00488,-0.00186826,-0.0062228,3.94398
4.99466,0.000605567,0.0130493,5.16043
4.99426,0.00689389,-0.00249565,2.66514
4.98435,-0.00622557,-0.0176942,8.88619
5.0118,-0.0019171,-0.01549,4.21781
5.00898,-0.0014207,0.00332547,3.55904
4.99324,-0.00484267,0.0141466,4.00072
5.00781,-0.0200801,-0.00514253,9.0438
5.00077,0.00301675,-0.00412698,2.10278
4.98586,-0.00825818,-0.00181989,4.72509
5.01081,0.00539581,-0.00208644,3.30769
4.98623,0.00499707,-0.0139137,5.82802
4.99224,-0.0071885,-0.017042,6.83628
4.992,0.00113306,-0.00454271,3.29466
5.00414,0.00607872,-0.0175162,7.225
4.99375,-0.00669193,-0.00426471,2.39369
4.9766,0.00928717,-0.0110698,12.3957
4.99205,-0.00489867,-0.00564568,3.53194
5.01251,0.0126751,-0.000680401,7.93546
4.99684,-0.000174749,0.0153914,6.29709
5.00685,-0.000136152,0.00838419,3.31325
4.99159,0.0106745,-0.00719065,4.28211
4.99124,0.00146458,0.011899,2.94123
5.00251,0.00151687,0.00905634,2.40433
4.99625,-0.00183914,0.0157293,4.39641
4.9903,0.0183518,-0.0216076,13.3294
4.99257,-0.017131,-0.00110625,7.32321
4.99148,0.0078934,-0.00521109,3.73479
4.9916,0.00746483,0.00966723,2.73645
4.99255,0.000307254,0.00917018,3.99389
4.99558,-0.0160795,0.0209619,5.875
4.98684,-0.00774955,-0.00210616,3.86958
4.99466,0.00560089,-0.00547918,2.52152
5.00288,-0.00641124,-0.00595402,4.44117
4.99596,0.00351771,-0.00568607,2.80769
4.99494,0.00415124,0.00349112,2.91958
4.99382,-0.00991991,-0.00118197,3.12123
5.00261,0.0357089,0.00729885,43.5606
4.99018,-0.00877879,0.011946,3.34494
4.99832,0.0013681,-0.0081993,2.45362
4.99932,0.0214714,-0.00363359,17.8523
4.99117,-0.00985284,-0.00618252,3.31066
4.99277,-0.00596371,-0.0089516,3.77083
5.00982,-0.0241421,-0.00116534,17.1455
4.98691,-0.016654,-0.00437776,4.02132
5.00621,-0.0104834,0.00829834,3.61746
5.00306,-0.00870192,-0.00537832,3.17566
5.00631,0.00128824,-0.000552069,2.68483
4.99184,-0.00499477,0.00294793,3.27431
5.00568,-0.00160998,-0.0151658,3.88677
4.99263,0.00121837,0.00818333,3.16741
5.01126,-0.00230769,0.00461414,3.34016
4.98884,0.00256628,0.0100573,3.31131
4.99139,-0.0131146,0.00138802,3.23013
5.00335,0.00470288,0.00292082,2.8109
5.00989,0.0115936,0.0069746,3.97097
4.99545,-0.00878518,0.00702311,2.9239
5.01523,-0.00781618,0.00341779,3.89764
4.99996,-0.00266087,0.00601774,2.44088
5.00981,-0.00525371,0.00118205,5.1758
4.99039,-0.00603093,0.00810617,3.08395
5.008,-0.00265847,-0.00300738,2.68278
5.00468,-0.0011898,0.0109315,4.21959
4.99859,-0.00769057,-0.0137165,3.89103
4.99595,0.00757513,0.0079,4.4069
5.00062,-0.0104263,-0.00641049,2.59019
5.00284,-0.00166818,-0.011412,3.89105
4.9839,-0.0038791,0.00394614,5.17854
5.0036,0.0268313,-0.0145724,27.8078
4.98923,-0.00144757,-0.0125837,4.96271
4.98352,0.00734683,0.00425372,4.26519
4.99676,-0.0038854,0.00292384,3.03168
4.99447,0.00696767,0.0139153,3.83733
4.98612,-0.006197,0.00443662,3.1855
5.01431,-0.00184416,0.00235379,3.79481
4.99195,0.013565,-0.0166002,7.04043
4.99209,0.00611137,0.00342689,2.69911
5.00524,0.00465354,-0.00237076,3.18009
5.00696,-0.00890686,-0.000567161,2.68718
4.99443,0.013416,-0.017106,7.57579
4.99169,0.00852149,0.00110514,3.46409
5.01494,-0.00633058,0.00494163,6.54791
5.0089,0.00398387,0.00234821,3.46487
5.01199,0.00312711,-0.00587335,3.20329
4.98913,0.000284106,-0.0091535,4.34739
5.00886,-0.0109211,0.015062,5.06185
4.99521,-0.00395969,-0.00872424,3.64775
4.9938,-0.00117805,0.017677,6.10083
4.98599,-0.00171311,-0.00646752,4.55747
4.99469,-0.00968894,-0.00988434,4.40778
4.99648,-0.00725605,0.00744643,4.29174
5.00577,0.00445809,-0.00180703,3.52083
4.99568,-0.00493202,-0.00390965,2.80928
5.00045,0.00327271,0.021208,15.1622
5.0179,-0.0171209,-0.00464428,5.93788
4.99425,-0.0176698,-0.00570917,7.41239
5.00467,0.0148889,-0.0110157,4.05121
4.99627,0.0137099,-0.00608517,4.93989
5.01698,0.0114646,-0.00743589,5.87857
4.99749,-0.0163125,0.0113202,5.21221
4.99449,-0.00961976,-0.00136237,3.14666
4.98755,-0.00643616,-0.0061303,3.15313
5.01092,-0.000601008,-0.00869393,3.58327
4.99763,0.0160813,0.00735718,6.55013
5.00503,-0.00929118,-0.00384732,2.47357
4.98494,-0.00613748,0.00304147,6.38874
5.01196,-0.0101463,-0.000679595,2.99053
4.98677,-0.0207497,-0.00622651,8.8989
4.98709,-0.0137901,0.00266899,6.25425
4.98875,-0.00518061,-0.0229192,11.9624
5.0152,-0.00331012,0.0115512,4.92346
4.99392,-0.000831773,-0.00845073,3.05568
4.99481,0.00163933,-0.00524915,3.50913
4.99333,0.00412097,0.00852556,3.49705
5.0088,0.0136453,0.0101993,5.36224
5.00382,-0.00704704,-0.00640626,3.35991
4.99777,-0.0110724,-0.0121989,3.57966
5.00545,0.0119544,0.00825689,3.54324
4.99435,-0.0102502,-0.00839377,3.53849
5.01282,-0.00304545,-0.00816613,3.96314
5.00562,0.00135007,-0.0124799,3.96081
5.00991,0.00934565,-0.00572933,3.98942
4.98865,0.0117272,0.00393807,3.43857
5.01301,-0.00734484,-0.00138696,4.05735
4.99074,0.00471591,0.007877,2.73373
4.99098,0.0124696,-0.00356236,4.34056
5.00752,0.00898881,-0.00422602,2.51906
5.01731,-0.00554116,-0.0260748,26.4048
5.01017,-0.00380738,-0.0133861,15.3502
4.99744,-0.00953063,-0.000795173,2.3231
5.00204,-0.00595929,0.00853162,3.41541
4.98945,-0.0137513,0.0082051,4.31594
5.00292,0.0153717,-0.00042073,3.31442
4.99395,0.0190783,-0.00764404,6.51699
5.02069,-0.0048756,0.0135345,14.6764
5.01045,0.0119743,0.00253463,5.71383
5.0015,-0.00871144,0.00176968,2.5141
4.99109,-0.000786067,-0.00488983,2.57687
4.99587,-0.000562338,-0.00547608,3.02154
4.9926,0.00535112,0.00496396,2.3267
4.99185,0.00823596,0.00322322,4.68391
4.99291,0.0233766,0.0153025,14.1573
5.00577,-0.00566024,-0.00705462,3.92581
4.99591,0.00429266,0.00736392,3.55796
4.99831,0.000740407,-0.00346894,2.65783
5.00177,-0.00286885,-0.0048544,2.98493
4.99365,0.0031934,0.00938083,2.42919
4.99081,-0.00763185,0.01156,2.58798
5.00232,-0.012618,0.00766924,3.73844
4.99611,-0.0151127,0.0342347,46.186
5.01079,-0.00192723,-0.00152495,2.81058
5.01201,6.51825e-05,0.00864777,3.81723
5.00124,0.0082865,-0.00669252,3.33137
4.98686,-0.00985306,-0.0125749,4.41613
5.01225,0.0160084,-0.0037156,7.37079
5.00311,-0.00728274,-0.00032603,2.85433
4.99929,-0.00283595,-0.0140173,4.96433
4.98213,0.0197254,0.00947408,9.14844
4.98327,-0.01215,-0.0103323,5.18759
5.0073,-0.000619276,0.0101005,3.26487
5.00138,-0.00309019,0.00101872,3.57986
5.01252,0.00682317,-0.00995423,3.23428
4.99941,-0.00958782,0.0025109,4.27298
4.98594,-0.00700356,0.0134323,5.62881
5.01605,0.000927633,0.00447631,5.04607
5.00901,0.00181398,-0.0019948,2.30073
5.00996,-0.00443448,-0.0116689,3.18998
5.0049,0.00480457,-0.00666039,2.68388
5.01769,-0.00635648,-0.010209,5.06945
5.00036,0.0199432,0.00194823,7.24558
4.99999,0.00275429,-0.00491823,3.19231
4.99279,0.0169558,0.0115873,5.13471
4.99293,0.0133728,-0.0159227,5.42753
4.99325,0.000851595,-0.0185725,13.287
4.99422,0.00738443,-0.0106232,4.44731
4.99174,-0.0126947,-0.0101357,3.6744
4.9973,0.0021637,-0.00391031,3.12655
5.00368,0.016848,0.00286148,3.00467
5.0092,0.00657648,0.0133369,3.73375
5.00896,-0.00308841,-0.00268826,3.06346
5.00217,-0.00330019,0.00936597,3.71382
4.99456,-0.0134298,-0.010605,4.10922
5.01437,-0.0016666,-0.0025507,6.15101
5.01327,-0.0163793,-0.014254,5.85316
4.99603,-0.00940498,0.0107721,3.17301
5.01869,0.00962071,0.012023,11.1466
4.99447,0.00619613,0.00144146,2.38319
4.98887,-0.00593921,-0.00499883,2.70897
5.00738,-0.00173802,-0.0161719,6.20291
4.99,-0.00371141,0.00576134,2.89252
5.00014,-0.00896731,-0.00238119,3.77028
4.99763,-0.0130001,0.00468003,3.5007
4.98791,0.00119527,-0.0151473,6.76094
4.98494,-0.00154596,-0.0239534,13.0094
5.00663,0.00937193,-0.0183024,7.4651
4.9801,-0.00601475,-0.00491855,9.12934
5.01597,0.0022834,-0.00380773,8.71969
5.00727,0.00302166,0.00641873,3.54172
5.00693,0.0080745,-0.00739114,4.75641
4.99513,-0.0193298,0.0112773,8.98157
4.98537,0.00265463,0.00328853,4.95065
4.98945,-0.00471755,-0.006183,3.84353
5.0203,0.00123478,-0.016205,15.6281
5.00553,-0.00922362,-0.0157696,3.80646
4.99355,0.00081848,0.0181326,6.72613
4.99128,0.000311706,-0.00304933,2.98288
5.01855,0.00722541,0.00527698,4.93526
5.01658,-0.000529606,-0.0114797,5.32351
5.00182,-0.00917743,0.0168453,5.00636
4.97799,-0.0101123,-0.000728999,11.1838
4.9779,-0.0062732,0.0188663,9.87273
4.99233,0.0197473,0.00807066,17.6916
4.99534,-0.0272234,-0.00188124,20.4603
5.00908,0.00173762,0.0112122,4.14282
5.00705,0.00465487,0.00382111,3.73544
4.98767,0.00963592,0.0112492,4.4239
4.99849,-0.0129493,0.0103337,9.8194
5.01562,-0.00885481,0.00405415,3.98276
4.99344,-0.00245088,0.00556112,3.26414
4.99424,0.00753678,0.000295839,3.12387
5.00379,0.01612,0.00462369,6.22038
5.00468,-0.0189249,-0.00536908,6.5328
5.01739,-0.00506638,-0.0031895,6.45611
4.99175,0.0115396,0.0133714,4.42178
4.99455,0.00873421,-0.00375527,2.84036
4.99475,0.00378434,0.00945503,3.04743
4.98127,-0.00540268,0.00147561,4.5131
4.98686,-0.0161585,-0.00961559,5.45789
4.99198,0.0150465,-0.00265573,6.32393
4.99415,-0.0186534,-0.00533443,12.4933
4.99131,-0.0130999,0.00562229,4.49279
4.99737,0.00783428,0.0128739,3.65851
4.99311,-0.0117811,-0.0053263,3.12437
5.01561,-0.000435603,0.0143671,6.77151
4.98398,-0.00258579,-0.00911094,7.08859
5.00908,0.000375285,0.00877734,3.52549
4.99918,0.0129282,0.00757297,4.76709
5.00265,-0.00217729,0.0214008,11.2632
4.99881,-0.0015868,0.000127152,3.15171
5.01078,0.00748235,-0.00255584,2.72598
4.98457,-0.00663355,0.001034,3.6535
4.98766,-0.00789089,0.02059,10.1639
4.99878,0.0050627,0.00522206,3.56526
5.0115,-0.0166736,-0.0223768,9.62542
4.98782,-0.00363898,-0.00485092,2.96664
4.99244,0.00736605,0.00128902,2.67997
5.0081,-0.0113174,0.00358448,2.7907
4.98179,0.00106232,0.00850507,12.4929
5.01427,0.00792359,-0.00795769,3.80733
5.00693,0.0103807,-0.0169052,3.78797
5.00226,0.00556983,-0.00170239,2.31944
5.01653,-0.0141589,0.00845046,6.13222
4.99927,0.0242282,0.0071563,20.2862
4.99845,-0.00459404,0.000929712,2.35714
4.99596,-0.0107113,0.00836048,4.05868
4.99393,0.00439075,-0.01088,3.94268
4.99164,-0.00365126,0.0123787,3.82884
5.00188,0.00899509,0.0101391,3.20924
4.99267,-0.00890313,-0.0177136,5.97825
5.0154,0.002784,0.0072635,3.23539
4.99462,-0.00818997,0.00367534,6.05538
4.9946,-0.00430113,-0.00752546,3.04899
5.00976,0.00995376,0.0103862,3.50919
5.00826,-0.017672,0.00136861,7.12801
5.00465,-0.00145544,-0.000587517,2.17714
5.00168,0.0247738,0.00934943,14.9861
4.97814,0.0209084,0.00778314,31.6977
4.99558,0.017284,0.00605861,4.79421
4.99489,-0.0108493,0.000400511,2.70137
5.00371,0.00779044,0.0101551,2.66492
4.99705,-0.000111135,0.0144216,5.66614
5.02718,-0.00935842,-0.0110046,15.7905
4.9966,0.0161713,0.00126305,2.89659
5.01184,0.010581,-0.00592909,4.34903
4.99796,-0.00120928,-0.0124224,3.52516
5.02398,-0.00362289,0.000142909,27.022
5.00938,0.00901342,0.000737237,3.47129
5.0109,0.0236561,-0.00899532,11.8135
4.99827,-0.00432615,-0.0166915,5.94953
4.99639,0.00857246,0.00404976,3.60896
5.00074,-0.00352641,0.00500196,3.97179
4.99101,-0.014443,-0.000155066,5.31131
4.99532,0.00149896,-0.00589125,2.16643
4.98416,-0.00707475,-0.0198376,11.6769
4.99238,-0.0028056,0.0196122,9.54779
5.01154,0.00486587,-0.00519522,3.24787
4.99318,0.00731658,8.42831e-05,2.82689
5.00575,0.000926012,-0.00304767,3.22041
5.0031,-0.0152847,0.00988318,3.81084
4.99889,0.0178953,0.00979994,20.9134
5.00281,0.00840165,-0.00381497,3.32487
4.99529,0.0156756,0.000377788,4.39848
5.00659,0.00182999,-0.000356589,2.63646
5.00886,0.0117647,-0.00545771,3.60179
4.99924,0.00577086,0.0107573,2.79008
4.9838,-0.00311063,0.00736911,4.12238
4.9706,0.014288,-0.00716601,11.1031
-4.99133,-0.00975746,0.00872667,4.43868
-5.00511,0.00819668,0.00883013,2.67482
-5.00355,0.00865,-0.00972623,3.83512
-5.00272,-0.00262219,0.0180648,3.52996
-5.00505,-0.000952947,-0.00928198,2.36017
-4.99961,0.0138951,0.00118147,2.60184
-4.98793,0.00051041,0.00769909,6.2826
-5.00209,0.00338107,0.00395861,3.01321
-4.98058,-0.00107212,-0.00423385,3.29855
-5.01549,-0.0114266,-0.00205265,3.94424
-5.00045,0.00589675,0.0068098,2.84767
-4.98516,-0.000647258,-0.0134565,4.23153
-4.9953,0.00364853,-0.00103514,3.09129
-4.99784,0.00642367,0.00533598,2.85469
-4.9906,-0.00472453,0.0103037,3.7291
-5.00561,0.00777493,-0.00681836,2.60885
-5.01632,0.010329,-0.0109174,3.07556
-4.98539,0.00317811,0.000899594,2.60189
-5.00676,-0.00480837,0.00567114,2.39686
-5.00366,-0.000510334,-0.00470816,2.28919
-5.01172,0.0104193,-0.000848403,3.52279
-5.02793,0.00866256,-0.00373382,15.7498
-4.99792,-0.0110295,-0.00738797,2.39584
-5.01231,0.00515145,-0.0174653,6.31698
-4.97716,0.00788032,-0.00300094,10.7573
-5.01237,-0.0125718,-0.000434121,3.46273
-5.00646,0.00722001,-0.00643085,2.347
-5.00213,-0.00989547,-0.000527067,2.01835
-4.98755,0.0134857,-0.00216375,5.11586
-5.01621,-0.00680884,-0.0225509,9.93954
-5.0046,-0.00644171,-0.00252812,2.36058
-4.99727,0.00705754,-0.00936279,3.64232
-4.99638,0.000302429,0.00573921,3.20962
-4.9928,0.00423094,-0.00277565,1.93614
-4.99738,0.00989781,0.0111792,4.53967
-5.01221,0.00367511,-0.00727704,3.10362
-5.01473,0.000819402,-0.00584573,4.57745
-4.99377,-0.00858659,-0.00482453,3.237
-4.99917,-0.00501623,-0.0116599,3.22934
-5.00047,7.35325e-06,-1.14842e-05,2.41079
-5.00159,-0.0140328,-5.75514e-05,4.68318
-5.0013,0.00441623,-0.00995766,2.61213
-4.99031,0.0008165,-0.0027229,2.53064
-4.99932,0.000238682,-0.00654709,2.46088
-4.99624,0.011328,0.0259054,8.96587
-5.00683,0.00235969,-0.00892559,3.46412
-5.00952,-0.00352165,-0.00220279,3.2734
-5.00023,-0.000219142,-0.00602817,2.56293
-5.01227,0.00526613,-0.0121946,3.19824
-5.01891,-0.00502039,-6.20515e-05,5.72145
-4.98681,0.00333508,-0.00592337,3.17887
-5.01019,-0.0157688,-0.0143474,5.58441
-5.00976,-0.0104312,-0.00874695,3.12209
-5.00295,0.00456904,0.00986984,2.45726
-4.99986,0.0149673,0.00688434,5.87578
-5.00183,-0.00939181,0.00291461,1.88603
-4.98817,-0.00157659,0.00587536,4.68887
-4.99339,-0.00745773,-0.0104278,3.64281
-5.01509,-0.00467786,-0.0114698,6.20765
-4.99843,-0.0133359,-0.00110579,3.75093
-5.00335,0.00190668,0.00840518,4.16172
-4.99739,-0.0141139,-0.00189864,4.09095
-5.0181,-0.0069773,-0.00622615,8.33473
-5.00223,0.00100066,-0.0116777,2.85349
-5.0092,-0.000757359,-0.0154987,4.61941
-5.00663,0.000445554,-0.000875911,2.3764
-4.98159,-0.00188379,0.00388604,7.36366
-4.97168,-0.0128066,0.00265716,14.2302
-5.0142,-0.00646349,-0.0170357,8.38114
-4.99609,-0.00428538,-0.00536484,2.50814
-4.98178,0.00579094,0.00671276,4.08801
-5.00664,-0.00659768,-0.0164478,3.96587
-4.9988,-0.000665327,-0.0072307,2.34654
-4.98797,0.0122122,0.00315367,3.66257
-4.99064,0.0120126,-0.00591012,4.54241
-4.98924,-0.00964242,-0.00156873,3.17681
-5.01134,-0.00401463,-0.00168069,2.39791
-5.00509,-0.0103875,0.00814145,3.56928
-4.98569,-0.019004,-0.0080098,8.62519
-5.01531,-0.00329781,-0.00583251,5.8555
-5.00925,-0.00229346,0.0115376,3.27748
-4.99976,0.00737022,0.005112,2.96572
-5.01444,-0.000306472,-0.00855866,3.65872
-4.99948,0.0120792,0.00240896,3.0089
-4.98648,-1.72939e-05,0.0129292,2.87784
-5.00215,-0.00110995,-0.0140878,3.13876
-4.99811,0.0169569,-0.00190582,4.65896
-4.99232,0.00967768,-0.00240741,3.13313
-4.99288,-0.00365951,-0.00806346,1.6179
-5.00493,0.00950032,-0.000182555,3.01295
-4.9885,-0.00635716,-0.00884185,2.73241
-4.99177,0.0198018,0.00829096,4.01092
-5.00745,0.00408765,0.00771102,2.34421
-5.01354,-0.00238646,0.00668216,3.00985
-4.97103,-0.00357005,-0.020619,25.0004
-5.00169,-0.00191409,0.015196,4.75107
-4.99526,-0.0184391,0.0130806,6.08928
-4.98894,-0.0122933,-0.00504217,4.00296
-5.00935,-0.0163825,-0.0062853,5.21463
-5.00463,0.0168565,-0.00784408,4.95834
-4.99763,0.00342953,0.000869946,1.98417
-5.00307,-0.00815103,0.00317915,1.85561
-4.98753,0.0203692,0.00208106,7.02407
-4.98202,-0.000613088,-0.00149717,5.93711
-5.0034,-0.000149318,-0.00415419,3.43518
-4.98623,0.00209785,0.00924728,2.87213
-5.00662,0.00376635,0.0208135,8.3043
-5.02038,0.00246941,0.0141749,4.84626
-5.00227,0.010362,0.0117701,3.79821
-4.99363,0.00697322,0.00631438,2.8488
-4.99147,0.0073322,0.0145004,4.99504
-4.99285,0.000235319,0.0130717,2.60736
-4.99335,0.0214167,-0.00208508,6.95935
-4.98993,0.0216329,0.000829132,8.38427
-5.0036,-0.00674186,-0.00214018,2.52746
-4.98877,-0.00678585,0.00922808,3.12696
-4.99798,-0.0103489,0.00111277,2.29148
-4.99636,-0.00719998,-0.00739862,1.5704
-4.99661,-0.0159353,-0.0130378,5.90517
-4.9992,0.0190914,-0.00224061,7.38031
-5.0019,-0.0210722,0.0163204,12.6328
-5.00492,-0.00621807,-0.00738085,2.45217
-5.02427,-0.0076142,0.0108753,15.9256
-5.01573,-0.0177105,0.00863956,7.27274
-4.99174,0.00228483,-0.0112271,3.78137
-5.01506,-0.00833003,0.00530811,4.56172
-4.99141,0.00151551,0.00161416,3.2872
-5.01813,0.00766136,0.00390761,7.99433
-4.99709,-0.00554072,0.00910103,3.53078
-4.99333,-0.0105326,-0.0037011,3.73934
-4.97295,-0.00176214,0.00654773,16.3996
-5.01454,0.00531653,0.0117418,2.67466
-5.00492,0.00694178,0.0215804,7.39416
-5.00968,0.0223316,0.0050891,11.087
-4.98523,-0.00395623,0.00079514,3.45342
-5.00229,0.00270578,0.00956777,3.2125
-5.02088,0.00502453,-0.00717535,11.8059
-4.99626,-0.00416691,0.0153771,4.94292
-4.98614,-0.00714955,-0.0076614,3.08035
-5.00249,0.00135593,0.0155098,5.23733
-5.00892,0.0184381,-0.00773474,5.75259
-4.9977,0.00038131,-0.00305044,2.24177
-5.01613,-0.00153248,-0.018697,10.1532
-5.00369,-0.00998304,0.0053386,2.35847
-4.97426,-0.0108416,-0.0101776,13.5773
-5.00347,-0.00470751,-0.00234028,1.94281
-4.98892,0.00364636,-0.0003022,3.26513
-4.99352,0.011466,0.0057217,3.32969
-4.99344,0.00390951,-0.00418012,3.55889
-5.01048,0.00458982,-0.011415,3.8005
-5.00255,0.00887967,0.00290801,4.07638
-5.00477,-0.0130851,0.00860124,2.80361
-4.98993,-0.00934753,0.0250319,8.59064
-4.99755,-0.0103878,0.00352713,2.37026
-4.98302,-0.00706867,-0.00826138,4.97843
-4.9871,-0.0147719,0.00203542,5.8644
-5.00192,0.00753697,0.00146098,2.525
-5.0013,0.0160099,-0.00596184,7.27442
-4.98759,-0.00769784,0.00709117,3.91492
-5.00899,-0.0146224,-0.0165333,9.32244
-4.99273,-0.017873,0.00492394,8.71318
-4.98051,-0.00150215,-0.0140902,10.502
-5.01122,-0.00701704,-0.00465637,4.33142
-5.00884,-0.0155281,-0.0127712,4.77736
-4.99193,0.00713572,-0.0059688,4.88413
-5.01129,0.0155734,-0.0112549,3.96336
-5.01023,0.00995766,-0.00930506,3.50732
-4.99783,0.00573803,-0.000222888,2.77841
-4.99084,-0.00972665,0.0195233,8.24932
-4.99026,-0.00944198,-0.0109858,5.42604
-4.99762,-0.00122182,0.0100349,2.50554
-4.98902,-0.0103193,-0.00119515,3.46406
-5.01475,-0.00300109,-0.00419007,2.96801
-4.99939,0.00561482,0.00341563,2.02305
-4.99678,0.00622663,-0.0093046,2.70462
-5.00349,-0.00584093,-0.0172199,5.70107
-5.01096,0.0134039,-0.00457168,4.63898
-5.0025,-0.0143289,0.00612017,3.60571
-4.98675,0.00511827,-0.00921487,4.57705
-4.99979,0.00824804,0.00359689,3.03122
-5.0144,-0.0243739,0.00693285,35.8955
-4.98034,0.0048232,0.00208322,10.6596
-5.00362,-0.0114816,-0.00619239,3.15443
-4.99399,0.00343413,0.0188203,6.80068
-5.01892,-0.00979567,-0.011063,5.71743
-4.97987,0.0182577,0.0149218,7.81696
-4.99312,0.00131695,-0.00526886,2.84656
-5.01029,0.00471233,0.00686927,2.59706
-5.00121,-0.0223795,0.0153061,16.8923
-4.99577,0.00854921,0.00918068,3.20109
-5.00108,-0.00342323,0.00275721,2.74782
-4.99322,-0.00262784,-0.00338667,2.62697
-4.99745,0.0102665,-0.00357028,4.09444
-5.01213,0.00769809,0.00970305,3.48309
-4.99232,0.00196598,-0.00391689,2.07634
-4.98633,-0.00167651,0.00741934,3.0576
-5.00572,0.0075915,-0.0153444,3.88803
-4.9825,0.00473489,-0.00372879,6.34955
-5.00531,0.00715687,0.0124166,2.65335
-5.01918,0.0162602,0.0123771,5.65632
-5.00349,-0.000270697,0.010451,3.54365
-5.0002,-0.00421006,0.00267719,3.47806
-4.98923,0.00199401,-0.00703284,3.69322
-4.99098,0.0179158,-0.000629269,7.12043
-4.99459,-0.00484138,-0.00358122,2.61603
-4.9955,-0.000509797,0.0135425,3.49912
-5.01728,0.00358556,0.00271129,7.17213
-5.01404,-0.0085811,0.00995249,2.81155
-5.00908,0.0173381,0.000927952,5.26025
-5.002,0.00557913,0.00900735,1.88065
-4.99736,0.0139501,0.00242618,3.50334
-5.00023,-0.0121169,-0.00111458,3.60968
-5.01702,-0.0158614,0.00747895,7.42381
-5.01396,0.0119761,-0.0102818,5.86528
-4.9916,0.00346012,0.0140997,4.34288
-4.99757,-0.0156326,-0.00438831,7.93431
-5.00295,0.0056747,0.00631788,2.78674
-4.98084,-0.000312657,-0.00194526,11.2316
-5.00475,-0.00409471,0.00591976,2.31095
-5.0127,0.00966006,-0.00228674,3.80403
-5.01748,-0.0191009,-0.00308553,6.70156
-5.00588,0.0138362,-0.00691351,3.48204
-5.00843,-0.0052219,-0.00478654,2.23641
-4.99146,0.0133045,-0.0148922,4.05388
-4.99187,0.0103999,-0.00185146,3.74637
-4.98822,4.47447e-05,-0.00964207,3.70879
-4.99224,-0.0166339,-0.0142268,7.02862
-4.99854,-0.0218862,-0.0103443,8.37544
-4.99577,-0.00270098,-0.0067729,2.43362
-4.99825,0.0061012,-0.00716343,3.60401
-4.99854,0.000869591,0.0228721,7.59815
-5.01118,-0.00263395,0.00147426,3.39134
-4.99843,-0.000997533,-0.00169563,3.06418
-5.01225,0.00299741,-0.0124957,4.0079
-4.99398,-0.00542412,0.00641429,2.614
-4.98615,0.002198,0.00917588,4.1906
-4.99187,0.00524952,0.0124261,4.1485
-4.99586,-0.000981632,-0.00465447,2.23664
-4.9925,0.00544296,0.00382443,2.68551
-5.00212,-0.0145174,-0.00838272,6.06531
-4.99584,-0.00265532,-0.00712295,2.15767
-4.98423,0.00276157,0.00899625,5.85413
-4.98971,0.00291322,0.00102438,2.75722
-5.01184,-0.00548657,-0.0093991,4.57144
-4.99479,0.00554429,0.0182524,4.94768
-4.99085,-0.00896805,-0.0004009,2.93304
-5.00506,-0.00367573,0.00709216,3.70188
-5.01111,-0.00535742,-0.00678061,5.14552
-5.00103,0.000619028,0.00996527,3.38175
-5.01702,0.00336362,-0.000479686,6.93551
-4.99906,-0.000590923,-0.0106458,2.7568
-5.00311,0.00323548,-0.00515765,2.46767
-4.99669,0.0125903,-0.017478,7.28864
-4.99839,-0.00439329,-0.00618755,2.67822
-4.99404,-0.00359864,-0.000658385,2.3903
-5.01724,-0.0212509,0.00805836,8.47491
-4.98305,0.00986323,-0.011646,6.83889
-5.01616,0.00450174,-0.00437539,4.14878
-5.00088,0.00916787,-0.00292081,4.02696
-4.99362,0.0129595,-0.00630652,5.34944
-4.99361,-0.0148002,0.0176743,8.06199
-5.00318,0.000299572,-0.00851766,2.64141
-5.00728,-0.00562423,0.0112833,4.27963
-4.99699,-0.0133017,-0.00732551,4.88756
-5.01472,0.00429159,0.00276265,3.67261
-4.99053,-0.00757821,0.00897899,5.65633
-5.01119,0.0101059,0.0131162,4.95897
-4.99383,-0.00227258,0.000369568,2.31637
-5.00946,0.017909,0.00327026,8.48238
-4.99516,0.00518191,-0.00560586,2.91908
-4.99176,-0.00110528,0.00396569,3.65121
-4.99251,-0.00688565,-0.00946985,5.3523
-4.98518,-0.00262694,0.00286185,3.07675
-5.0037,-0.00824306,-0.00862951,2.35648
-4.9961,0.00118914,0.00156265,1.89272
-4.99158,-0.00171733,0.00495561,2.27366
-5.00431,-0.00770214,-0.0232827,10.2445
-4.99861,-0.0231412,-0.00347479,19.7381
-4.98132,-0.000859745,-0.00326469,10.0471
-4.99097,-0.000406542,0.000500423,3.33617
-4.99709,0.0176367,-0.0276334,16.614
-5.0105,0.00173593,-0.00258737,2.6632
-4.99677,0.0151444,-0.00973576,4.35871
-5.018,0.0101157,-0.016265,14.8325
-4.99618,0.00274278,0.0100796,2.86892
-5.02035,0.00507312,0.00263533,6.57621
-5.00367,-0.00812085,-0.0136671,3.52442
-5.01013,0.000662011,0.0016277,5.15457
-5.02124,-0.0070464,-0.0028216,4.8472
-5.00884,0.00287332,-0.00794852,4.10454
-4.98791,-0.00507717,-0.00019272,4.92298
-5.00874,-0.00570834,-0.0168128,5.44735
-4.99181,-0.00135162,-0.0282244,42.1339
-4.99723,-0.00977651,0.0192733,4.60022
-5.00066,0.00483175,-0.00278058,3.07255
-4.99972,-0.0138852,-0.0276478,23.4185
-4.98446,-0.00226464,-0.0132044,5.61351
-4.99905,-0.0128037,0.0179621,7.32574
-5.00828,-0.00634111,-0.00961272,1.80724
-5.00051,0.00403139,-0.0053778,2.32407
-5.00061,0.00400959,-0.00717373,3.28978
-5.0036,0.00251294,0.0205305,9.19725
-4.99597,-0.00841935,0.00658271,2.24285
-4.99897,-0.00640504,0.00265942,2.33384
-4.97467,-0.0172887,0.00382037,12.5746
-5.00287,0.00616179,-0.00142997,3.12822
-4.99831,0.0102766,0.0123733,2.50682
-5.00889,0.0027174,0.0135002,4.71149
-5.00592,0.00736916,-0.00667857,3.34509
-5.00134,0.00137894,0.00778909,3.44339
-4.99815,0.00570533,-0.00228061,3.10572
-5.00225,-0.0100869,0.000518344,2.70202
-5.00352,-0.00153362,-0.00849432,2.68481
-4.99934,0.00791955,0.00158926,2.70751
-5.0066,-0.00427145,-0.00649816,2.57912
-5.00406,-0.00250158,0.000647165,2.11667
-4.99662,-0.0165266,-0.0270247,23.2226
-4.99629,0.00879617,-0.000135123,4.28311
-4.98553,0.00757652,-0.00704644,4.96978
-4.98212,0.00174796,0.00590538,6.14918
-5.00224,0.017641,0.0159077,9.88939
-4.99542,-0.0119088,0.00646373,3.3402
-4.99881,-0.0130855,-0.0184101,7.70992
-4.99551,-0.0100213,-0.000391222,2.87621
-5.01074,-0.0103111,-0.00214097,2.88745
-4.99815,-0.00116871,0.00278031,2.45423
-4.98614,-0.00937177,-0.00720669,4.45591
-5.00828,0.00287828,-0.0170302,5.74956
-4.98781,-0.00244007,0.0124947,4.80696
-4.98503,-0.0120725,0.000217273,5.5254
-5.01096,-0.0170817,0.00142094,4.76101
-5.01291,0.00494262,-0.00579762,5.91407
-5.02464,0.00466969,-0.013848,23.4609
-4.99914,-0.01338,-0.0125983,4.59412
-4.99748,-0.0022819,0.00609542,2.2869
-4.98416,-0.00630514,-0.0121526,5.62429
-4.98833,0.00531374,-0.00193948,2.32198
-4.99387,-0.00798102,0.0125896,3.72213
-4.9928,-0.000754885,-0.00301145,2.94963
-5.01268,0.00662004,0.00450057,3.48548
-4.9983,0.0121101,0.00197072,3.11521
-4.99418,-0.0145371,-0.00202306,6.40065
-5.00143,-0.00371353,0.0012938,3.58275
-5.01962,0.020941,-0.0027248,10.7841
-4.99535,0.00560824,0.0100978,3.22343
-4.99411,0.0108182,0.00405805,3.57057
-5.00075,0.00601841,-0.0016479,2.15414
-4.98773,0.0120373,-0.0032873,3.96377
-4.99279,0.00574582,0.00543346,3.33262
-4.99567,0.0140713,-0.00667829,4.00363
-4.97977,-0.0153365,0.00586564,6.46156
-5.0067,-0.00595986,-0.0128874,3.35704
-4.97634,0.00555405,-0.00506946,10.5106
-4.99368,0.00459001,0.0010167,2.25587
-4.98645,-0.00309419,-0.00763738,5.25078
-4.98516,0.012112,0.00625767,6.65862
-4.99791,0.010644,0.0148262,3.50245
-4.98366,-0.0140289,0.00778349,9.28064
-5.00429,-0.00913894,-0.0180134,5.75516
-4.98877,-0.00119413,0.00700669,3.50868
-5.00126,0.00715346,0.00412374,5.46989
-4.99009,0.000447869,0.0102254,3.71935
-4.99735,-0.00999806,-0.00520117,3.31754
-5.01272,0.00540097,0.00480459,3.40211
-4.99902,0.00106713,-0.000466777,2.74674
-4.988,-0.00370889,-0.00626374,3.62847
-5.00521,-0.0208841,-0.005845,5.88652
-4.9877,-0.0109962,-0.00289507,3.50441
-5.00665,-0.0100885,0.0208276,7.33936
-4.9846,0.00513707,0.00450953,3.62208
-5.00802,-0.0144235,-0.00128756,5.41119
-4.99451,0.0238088,-0.00769829,10.1004
-5.00013,-0.00358925,0.000466376,2.32844
-4.99747,0.0143588,0.0151347,4.94543
-5.00525,-0.0037743,-0.000475135,2.58841
-5.00568,0.00175106,0.00193833,4.59411
-4.98915,0.00550091,0.0124519,3.8312
-5.00948,0.0100151,0.00966037,3.74174
-4.99392,0.00229169,0.00113444,2.30235
-5.00118,-0.00728331,0.00537924,2.60566
-4.98814,-0.0110728,-0.00842363,8.10444
-5.00441,-0.00394268,-0.00338479,3.52785
-5.00079,-0.0082794,-0.00174342,1.92777
-4.99346,-0.0129256,0.0106564,4.83038
-5.002,-0.000573204,0.024943,14.2171
-4.9957,0.00178753,0.000796905,2.16095
-4.98569,0.00229446,0.00136256,4.52853
-4.99271,0.00211649,-0.0129622,3.44162
-5.01455,0.00285588,0.00380658,4.35377
-4.98974,0.00333446,0.00251336,2.99437
-4.98765,0.0047334,-0.00349975,3.62463
-5.02287,-0.00213035,0.00255271,13.6269
-4.99892,-0.00196489,-0.0088165,2.38999
-4.98834,0.0026825,0.00676122,5.71173
-5.02072,-0.00529601,-0.0133278,10.3928
-5.00032,-0.0100945,0.00307121,2.72345
-4.99755,-0.00209157,0.00856818,2.26238
-5.0033,-0.00661105,-0.0183951,4.6475
-4.99521,-0.0233524,0.0028478,22.692
-5.01239,-0.00764412,-0.00430557,3.884
-4.99588,-0.00628045,-0.01247,4.35134
-4.99807,0.0021248,0.00357238,4.34391
-4.99757,-0.00774806,-0.00130504,2.75013
-5.00296,-0.00255462,0.00298525,2.22031
-5.00872,0.00378198,0.00803589,4.08071
-5.00369,0.0223014,-0.00920574,11.184
-4.99399,0.00829974,0.0169573,8.38248
-5.01137,0.0111335,-0.0266115,10.5328
-5.006,-0.00596391,6.53091e-05,3.68326
-4.99277,-0.00197452,0.00936004,2.67778
-5.0105,-0.0087107,-0.00820031,3.09871
-5.00282,-0.0038407,-0.00236154,2.06689
-4.99031,-0.000379668,0.00466886,3.75954
-4.98349,0.000980928,0.00548709,7.24491
-4.99252,0.0126513,-0.00967108,4.1359
-4.99106,0.0132084,0.00585152,3.49417
-4.98721,0.00156098,-0.00949854,5.30378
-4.99114,0.0271875,-0.00677766,37.2378
-4.98129,-0.00815818,0.00671933,9.60972
-5.01288,-0.000878018,-0.00146342,4.66165
-5.01246,0.00742036,-0.0222023,14.568
-5.02394,0.00867098,0.00190217,27.512
-5.01278,0.0034016,0.0212255,7.30887
-4.99704,-0.0118707,-0.00601101,3.00161
-5.00673,0.00637483,0.00735766,3.52054
-4.98701,0.00733106,0.0126253,4.71263
-4.99268,0.00346224,0.00573309,2.37843
-4.9984,-0.0171094,0.00320492,8.1552
-4.99662,-0.00210773,-0.016256,7.50895
-4.99247,0.0108574,-0.00285867,2.60209
-4.99664,-0.00440402,0.0146787,5.71442
-4.9879,-0.00705867,-0.00241841,2.57297
-5.00129,0.000322723,0.0066367,3.15477
-4.99948,-0.00643996,0.00616185,3.39066
-5.00241,0.00428436,-0.00267367,2.31113
-4.98638,-0.00489802,0.00898356,4.2222
-4.98647,0.00443635,0.00541829,4.44888
-5.01969,0.0175716,0.0106403,5.64209
-4.99274,-0.00935439,-0.00625342,3.21237
-4.99664,-0.00433641,0.00246786,2.25398
-4.99232,0.00264873,0.00561182,3.41967
-4.99084,0.00383416,-0.0232957,9.2325
-5.01182,0.00435294,0.00397911,3.28444
-4.98592,0.00571785,0.0138456,5.30358
-5.00399,-0.00177073,-0.0229061,24.0305
-5.00131,0.00803193,-0.000717537,3.796
-5.00938,-0.00139645,-0.00714783,3.36185
-5.01989,0.00753321,0.000534127,8.52054
-5.01821,-0.0052094,0.000938712,4.90968
-4.99844,0.0062357,-0.00868084,2.35964
-4.99569,0.00134835,0.00540153,6.55426
-4.99103,0.00612977,0.00913835,2.9823
-5.00314,0.0172803,-0.00618865,8.76302
-4.99158,0.00208476,0.0137885,4.26456
-5.00175,-0.00355585,0.00780202,4.99002
-5.00602,-0.000621537,0.0120476,4.75341
-5.00387,0.00106798,-0.0116022,3.32049
-5.00403,0.00401079,0.00768584,2.28691
-5.00656,-0.000360846,-0.000769621,4.58033
-5.0103,-0.0176885,0.0134703,5.52172
-5.00794,-0.00493951,-0.00113208,2.81518
-5.00136,-0.00789633,0.00051958,2.54464
-4.99584,0.00834305,0.00108124,3.41878
-5.01687,-0.010508,0.000901829,6.67026
-4.99865,-0.00614158,-0.00123606,4.16685
-5.00153,-0.00540062,-0.00390536,3.9329
-5.00859,-0.0188008,-0.0189918,8.1826
-4.99955,0.00297279,-0.00446907,2.09015
-4.99398,-0.00313126,0.00279632,3.43218
-5.00237,-0.00114573,-0.00861119,2.8439
-4.99724,0.0139493,-0.00940802,5.47655
-4.99921,0.00577147,-0.01737,6.77204
-4.99593,-0.0144377,-0.0111253,4.6553
-4.99951,-0.00672276,-0.0082634,2.91073
-4.98619,-0.00710106,-0.00356825,5.38394
-5.00366,-0.00711647,0.00816428,3.36697
-4.99729,-0.00308441,-0.00440923,2.98629
-4.98979,0.00239908,0.00451628,3.4548
-5.00395,-0.00129438,-0.0109625,2.54738
-5.00744,-0.00345258,-0.00654823,2.64445
-5.01026,0.0147817,0.0115869,4.51285
-4.99487,-0.000300606,0.00569807,4.39355
-4.9998,0.00810963,-0.0150863,7.1811
-5.00659,-0.00292176,-0.00356099,2.47637
-5.00448,0.00216963,0.01881,7.20016
-4.97767,0.00478942,0.000405489,19.0771
-5.00032,0.00338046,-0.0160088,9.67389
-5.00695,-0.023578,-0.00220988,12.8026
-4.99407,0.013204,-0.00190555,4.02535
-5.00128,0.00837479,0.00188326,3.03379
-4.99149,0.0258671,0.0119033,8.14404
-5.01079,-0.00370849,-0.00015142,4.12868
-4.98726,-0.0139613,0.00388807,4.34543
-5.00414,-0.00544321,0.0075979,3.40231
-5.00929,-0.0081225,0.00987452,2.63063
-4.99251,0.00300231,0.0139407,6.65906
-5.00919,0.00602117,0.00194311,3.13258
-5.00408,0.00422714,-0.00681757,4.13753
-5.01498,-0.014524,-0.0190437,7.4323
-4.99028,0.00243685,0.00597443,3.61939
-5.00666,0.00194682,-0.0114243,4.15367
-4.99491,-0.00429824,-0.00548173,2.53508
-5.01727,0.0187116,-0.0179203,14.266
-4.99623,-0.00341171,-0.00953739,2.50369
-4.98189,0.0171536,0.00193152,5.89979
-5.00005,-0.0179224,-0.021494,9.77783
-5.0105,-0.00825839,0.0222986,6.95514
-5.00602,0.0204092,-0.008956,11.9374
-4.98805,-0.0252093,-0.00569512,18.0894
-4.99351,-0.0140744,-0.00737811,5.62676
-4.99655,-0.0007829,0.0154443,7.1487
-5.00838,-0.00527041,0.0250284,8.69698
-4.98614,8.30659e-05,0.00276255,4.40335
-5.00973,-0.00640887,0.0133408,3.30881
-5.02433,0.00514627,-0.0118367,12.3834
-5.01177,-0.0126265,-0.00289647,4.41921
-5.00195,0.01216,-0.00420693,4.56533
-4.99555,0.0165527,0.0173741,8.91679
-5.00461,0.0121889,-0.00152442,4.484
-4.99409,-0.00107479,0.0109169,2.79926
-4.99897,-0.00695729,-0.0141762,3.67004
-5.00485,0.0166933,-0.00115423,5.55558
-4.97044,0.0158996,0.011615,21.0872
-4.99217,-0.00610455,-0.0154876,3.84734
-4.98768,0.0198743,-0.00326231,11.7598
-4.98989,0.000576269,0.0110926,3.32564
-5.00494,0.0035625,0.015941,3.80164
-4.99108,0.00511241,0.0183283,8.54756
-4.9917,-0.00564262,0.00146319,2.82997
-4.98554,-0.019591,-0.00408542,8.72907
-5.00257,0.000388933,0.0143498,3.97933
-4.99427,0.0117964,0.0087069,3.70275
-5.00677,-0.00987932,0.0121866,3.7388
-4.99607,0.000317739,-0.0093989,3.16202
-5.00778,-0.0101807,-0.0158577,5.30383
-5.02111,0.000599952,0.00280481,12.8382
-4.99538,0.0121084,-0.00945258,3.15003
-5.00987,0.00635212,0.0141456,4.38228
-4.99379,0.0151562,-0.00576224,6.28596
-4.98803,0.0142607,0.00559678,7.48742
-5.00114,-0.00727452,0.00808616,3.61196
-5.0032,-0.000888803,0.00454893,2.86226
-5.00128,-0.0095412,0.00939867,3.58303
-5.0177,0.0262841,-0.0019442,10.6452
-4.99453,-0.00506939,0.00251213,4.40264
-5.0263,0.0172023,0.02084,20.0783
-4.98476,-0.0126085,0.00559572,5.37691
-4.98971,0.0042167,0.00125444,3.55881
-4.99962,0.00291743,-0.00103113,3.24267
-5.00482,-0.014195,-0.00669457,4.22008
-5.00425,0.00742484,0.00887222,2.22907
-5.00165,-0.0130561,0.00664423,3.38193
-4.98889,-8.60994e-06,0.0137074,4.69872
-5.00726,-0.0048137,0.00790057,4.15396
-5.00104,-0.0141772,0.0102981,6.21888
-4.98999,-0.00302875,0.00304822,2.73135
-5.00674,0.00944388,0.000760818,3.69236
-4.99756,0.00956923,0.00860225,3.92788
-4.99582,0.010124,0.0130861,2.9693
-4.9933,0.000760253,-0.00839418,2.52434
-4.99556,0.0129273,0.00764474,4.71881
-5.00341,-0.00641907,-0.0134685,4.6704
-4.99877,0.0146588,-0.0175605,11.8463
-5.0088,-0.002538,-0.0151303,3.62456
-4.97731,-0.0136507,0.00354256,9.57455
-5.00728,-0.0123263,-0.00545545,3.27326
-4.9867,-0.00248678,0.006141,3.5149
-4.99512,0.00935961,-0.00140143,2.74644
-5.01718,-0.00294915,0.0062684,8.0469
-5.00111,-0.00142135,0.012359,5.03975
-4.99583,-0.00946204,-0.0113358,3.5293
-4.99619,0.0070982,0.0015342,2.37327
-4.98745,-0.0062172,-0.00112108,4.13539
-5.01458,0.00606566,0.00875164,7.37122
-5.00415,0.0139978,0.013266,5.43565
-4.99779,0.00101044,-0.0119852,3.43209
-4.99726,-5.82281e-05,-0.00856485,2.65302
-4.99083,0.00736551,0.00168,3.09229
-4.99477,-0.0141176,0.0052167,3.15054
-5.0127,0.00189807,0.00238201,4.93918
-5.00926,-0.0161245,0.0191573,9.8677
-5.00233,-0.00127843,-0.00303593,2.26934
-4.9931,0.00309763,0.0111336,2.76249
-4.96923,-0.00745337,-0.00630873,25.4604
-5.01312,0.00199109,-0.00724532,3.66517
-5.01222,0.0175495,0.00368368,5.38491
-5.00037,-0.00745044,-0.012856,3.73812
-5.00511,0.000914383,-0.00314089,2.85781
-5.00501,0.00866892,-0.0115266,3.56575
-5.0119,0.00100244,0.00894321,4.19501
-5.00783,-0.0079584,-0.00319358,4.13239
-5.01583,0.015184,-0.00826628,3.82413
-4.98545,-0.0142019,-0.00770855,9.54744
-4.98291,-0.0130516,0.0152395,11.6063
-5.01797,-0.00485924,0.013969,9.41006
-4.99735,-0.0109478,-0.0027618,3.3535
-5.01604,0.0114575,-0.00956668,4.47914
-5.00674,-0.0058247,0.00924483,4.84964
-5.02474,-0.0110374,-0.00132208,16.3585
-4.99545,0.00553423,0.0106913,2.36803
-5.00842,0.0149868,0.00438318,4.11777
-4.9993,0.0152442,-0.0152794,7.80195
-5.01547,0.0118229,0.0115163,4.65004
-4.98977,0.0162579,-0.0121636,6.69892
-4.98933,-0.0162549,0.0117419,8.52413
-5.00945,0.003705,-0.0132486,2.99334
-4.97326,-0.0103403,0.00750501,23.6821
-5.00126,-0.00405918,-0.00504964,3.81667
-5.00085,-0.000169776,-0.00355189,3.23675
-4.98065,-0.00716791,0.00201313,6.61973
-5.00436,-0.0105177,-0.00119346,3.18358
-5.00443,-0.00216195,0.0121464,3.8249
-5.0061,-0.0203873,-0.00887435,21.1574
-4.99288,-0.00496257,0.00210251,3.18646
-5.01058,0.00268332,0.0170639,5.2215
-4.98326,-0.00453047,-0.0189008,6.73533
-4.98848,0.00434502,-0.000636423,3.57761
-5.00869,0.00947806,0.00510857,3.96518
-5.00742,-0.0034739,-0.00162723,4.61909
-5.00615,0.00249146,0.00298698,3.5186
-5.00083,0.000656983,-0.00384776,3.82359
-5.01466,0.00238688,0.00203084,4.24956
-4.99499,-0.0064542,-0.0079333,3.47377
-4.99394,0.00384975,-0.00366786,3.53865
-5.01414,-0.0136568,0.0196357,8.22909
-4.99585,-0.012771,0.00583717,7.84803
-4.99799,-0.00458369,0.0140975,3.81473
-4.97898,0.0029911,-0.00560741,6.13461
-5.00696,-0.0148015,-0.0156556,6.9046
-4.99203,-0.00524756,0.00136654,2.49062
-5.01069,0.00774158,-0.00510722,3.13395
-5.00746,0.00521512,-0.00528,3.29702
-4.99382,0.01061,0.00793826,3.61247
-5.00496,0.00167503,0.0105594,3.64537
-5.00904,0.00774103,0.0146979,3.67083
-5.00059,0.0234311,0.0186323,22.8674
-4.98631,-0.00393697,-0.0140175,5.90724
-4.9985,0.00855989,-0.0107593,3.62458
-5.00543,-0.00531682,0.0239257,19.3054
-5.00334,-0.01269,0.00368573,2.6621
-5.00592,0.00412627,0.0151482,6.21521
-4.97902,-0.00238769,-0.00487662,8.28871
-5.00342,-0.000618062,0.00549922,2.33813
-5.0033,-0.0178041,-0.00259915,9.24246
-5.00193,-0.0142575,-0.0125295,4.47789
-4.99898,-0.00975795,0.00123032,4.49535
-4.99649,0.00492653,0.00747579,3.04163
-5.008,0.0107153,0.00573243,4.41855
-4.98292,-0.0058988,0.0111231,4.62433
-5.00452,0.00161942,-0.00735379,2.68329
-5.01161,-0.0131671,-0.0054403,4.88159
-4.99951,-0.00866766,-0.00401798,2.67167
-5.00659,-0.00714865,-0.0122999,3.12652
-5.00327,0.0092154,-0.0208616,10.3829
-4.99591,0.00236427,0.00521872,3.07924
-5.01292,0.0141132,-0.00174765,4.75511
-4.99992,-0.00522134,0.000373685,2.11771
-4.99786,-0.018701,0.0119186,8.20595
-5.00132,-0.00175896,-0.00832267,2.37804
-4.9943,-0.0024883,0.00965134,3.78417
-5.01166,0.00295124,-0.0082054,3.41491
-4.98071,-0.0121717,0.0141751,9.05782
-5.01315,-0.00445742,-0.0170976,5.56808
-5.00307,0.0136105,-0.0121813,4.5931
-5.01153,0.0191969,-0.00312623,6.76897
-5.00302,-0.00170282,0.0111554,4.96609
-4.98525,0.0203984,-0.00296856,10.5156
-4.99062,8.36484e-05,-0.0107367,6.61335
-4.99326,-0.00361101,0.0028811,3.52589
-5.00521,0.00321051,0.00174855,3.95815
-5.00729,0.00721359,0.0202528,8.73575
-4.99576,-0.00910523,0.0031667,2.89539
-5.01665,-0.0123136,-0.0242995,12.3499
-4.9935,-0.014191,0.00592564,4.96469
-5.01843,-0.010717,0.0014922,8.009
-5.00006,-0.00387636,0.00250079,2.48524
-5.00426,-0.00843224,0.00985761,2.98468
-4.99886,0.00745795,-0.00700696,3.03625
-4.98953,0.00812403,-0.00684629,3.52097
-4.99585,0.00452224,0.00405111,3.00581
-5.01753,0.00103033,-0.011887,7.17328
-4.99881,-0.00206731,-0.0149279,8.31582
-4.9883,0.000865255,0.00311909,3.05513
-5.00462,0.0100786,-0.00166539,3.44009
-5.01433,0.00213638,0.00430331,3.70826
-5.00681,-0.0135215,-0.00978337,4.1813
-4.9966,0.006845,-0.00599099,3.01377
-5.00008,-0.013891,-0.0112425,4.6621
-5.00835,0.000884594,-0.00224227,2.4905
-4.97972,-0.00868225,0.0131722,8.80327
-4.98693,-0.000921587,0.00692092,2.96468
-5.01843,-0.0126222,-0.0132988,8.75347
-5.00642,0.00378581,-0.00527658,3.01957
-4.99973,-0.00873961,-0.00312947,3.0308
-5.00568,0.00641559,0.0115919,3.71263
-5.00528,0.00495631,0.0112094,2.70346
-5.01665,0.0235934,-0.0157747,16.2174
-5.01848,-0.0080775,-0.00218708,5.36293
-5.01616,-0.000130882,0.0137596,4.75343
-5.00585,0.0153691,0.0079151,3.97128
-5.00741,-0.00218894,-0.0132437,3.44813
-5.00054,-0.0165465,-0.0161563,8.33185
-5.01337,0.0154908,-0.00152234,4.08241
-4.9996,-0.0163041,0.0175707,5.72961
-5.0135,-0.0153717,0.00358157,4.09835
-4.9921,0.0193057,-0.00990014,8.80968
-5.0094,-0.00585322,0.00445471,2.73832
-4.99636,0.00410735,0.00619932,4.18743
-5.00488,-0.00052715,-0.0111776,2.88699
-4.99295,0.00397107,-0.0188188,10.8029
-5.00555,-0.00359776,0.00651977,3.22335
-5.00463,0.0010169,0.000450188,2.33276
-4.99097,0.00925006,-0.00276999,4.35652
-4.98874,0.00821288,0.00451806,3.41008
-5.03236,-0.00472217,-0.026981,38.2816
-5.00768,0.0111102,-0.00333154,5.71131
-4.99319,0.00770477,0.00442602,3.36725
-4.98248,-0.00921187,-0.0135451,4.9713
-5.00472,-0.00434039,0.00718625,3.20299
-4.99547,-0.00674772,-0.00214165,2.49311
-4.98192,0.00686204,-0.00402218,5.8637
-5.00038,-0.00036331,5.69402e-05,2.37284
-5.00605,-0.00164345,-0.00403486,3.47483
-4.99978,-0.010118,0.0136342,5.05863
-4.99815,-0.0101604,0.00883511,3.87704
-4.97943,-0.00713565,0.00394552,5.40344
-4.99704,-0.00976381,-0.0137707,5.65694
-4.9819,0.00253596,5.27866e-05,6.39895
-4.99788,-0.00442176,-0.0134268,4.26202
-4.97826,0.00282651,-0.0103379,6.78814
-5.00006,0.00117453,-0.000465507,3.41425
-4.99727,0.0101619,0.00592273,3.36534
-5.00736,0.00122428,-0.00405426,2.73114
-5.0104,0.00557995,0.0236129,16.1812
-5.00502,-0.0109528,-0.00971267,3.88847
-4.9912,-0.00875845,-0.00728262,4.89342
-4.99005,-0.00814606,0.00361945,2.7483
-5.00392,-0.00125076,-0.0135608,3.68043
-4.98869,-0.0017134,-0.00282538,4.91882
-4.98967,-0.00908237,0.0294233,32.3197
-5.01477,0.00720901,0.0125939,5.69381
-4.99213,0.00811945,0.00296181,4.53383
-4.99193,-0.0240587,0.000848108,13.6956
-5.00572,0.00366962,0.0187062,7.2015
-5.00865,-0.00242322,-0.00360516,3.22778
-5.00559,-0.0133257,-0.00504077,4.41343
-4.98613,0.00129483,-0.00382892,4.27492
-5.00779,0.0182741,0.00357927,8.26806
-4.99673,0.0065931,0.00218717,2.94621
-4.99198,-0.00310629,-0.014679,6.90073
-5.00383,-0.00676851,0.00875495,4.18674
-5.00935,0.00178956,-0.0235559,11.3641
-4.99448,0.00893279,0.00387277,2.80295
-5.00947,-0.0129043,0.00338032,4.16105
-4.99754,0.000906852,-0.0180503,7.11536
-5.00203,0.00980422,-0.00819305,3.84167
-5.01802,0.00259466,-0.00799128,7.73226
-5.01439,0.00178239,0.00526354,5.17424
-5.00333,-0.00375769,0.00518871,3.96316
-5.01777,0.0105658,-0.0112169,4.61631
-4.99588,0.000900649,0.0224455,9.60962
-5.01883,-0.000219511,-0.0137514,4.2849
-5.00968,0.0100542,0.00314037,4.65602
-4.99303,-0.00884718,0.00100067,2.85833
-4.99614,-0.0107475,-0.0197659,8.9365
-4.99597,0.00319209,-0.00445442,2.13708
-5.00302,-0.00548512,-0.00267169,3.22281
-4.99869,-0.00229788,-0.0259405,16.9466
-4.99281,0.0100172,0.0144298,3.94094
-4.99432,-0.000954305,-0.0110818,3.50666
-4.99934,-0.00770864,-0.0173535,8.01304
-4.99424,-0.0011605,-0.00303978,3.70888
-4.99656,0.00413286,-0.00265325,2.63336
-4.99215,-0.00956318,0.00250871,3.2591
-4.98326,-0.00184976,-0.0200467,9.46235
-4.9979,0.0066117,0.00130156,3.18012
-5.00287,0.000621463,0.00252822,3.23452
-4.99082,0.0118377,-0.0210033,9.42412
-4.99432,0.00916312,-0.00652316,4.61415
-5.01648,-0.00326505,-0.00789354,6.4325
-4.99685,-0.0124907,-0.00742355,4.80527
-4.99911,0.0113154,0.00080131,3.50855
-4.98776,0.00881689,-0.00734259,4.42748
-4.97959,0.0140299,0.00958568,8.18485
-4.99722,0.0205942,0.0107458,8.92939
-4.98705,0.0126519,-0.011795,5.05816
-5.00782,-0.00959876,-0.00201985,3.49152
-5.00357,0.0128229,-0.00806965,5.60817
-4.9909,0.0194472,-0.00806491,7.30788
-5.00252,0.00424524,-0.000651726,2.69709
-4.98988,0.00160581,0.00207585,3.41572
-5.00424,-0.00510049,-0.0154254,3.9323
-4.9902,0.00198285,-0.0072339,4.34363
-5.00982,0.0100878,0.0056965,3.58176
-5.00162,-0.00634545,-0.00287248,3.41649
-5.01211,-0.0147781,0.00956328,5.78571
-5.00525,-0.0109583,0.00451912,3.92537
-5.00758,-0.0102721,-0.0099588,3.42147
-5.0176,0.00160895,0.00469201,5.57033
-4.99892,0.00370058,-0.0206053,10.6533
-4.98848,-0.00357901,0.00228495,3.93056
-5.00078,0.013582,0.00342451,4.17662
-5.014,-0.00279769,-0.0052795,4.12519
-5.01089,0.0155965,-0.00910007,4.93968
-4.99056,-0.0190697,0.0059194,8.48992
-5.00063,0.00313051,-0.00114467,2.73059
-5.00136,-0.0104954,-0.00813214,3.01792
-5.00899,0.0151513,-0.00131314,8.93745
-5.00297,-0.00122059,0.00294818,3.39804
-4.98628,-0.0142278,-0.00316287,5.23519
-4.99494,-0.0117673,-0.00642153,3.09757
-5.00871,0.00755152,-0.000570967,3.63643
-4.99039,-0.0107463,0.00124422,3.54907
-5.00192,-9.85944e-06,0.0110428,3.41358
-4.99594,-0.00811184,0.00157652,2.98481
-5.00965,-0.00490292,0.0142395,3.83123
-5.00325,0.00876497,0.0112323,4.10208
-5.0112,0.00986135,-0.00534636,3.61611
-4.9926,0.00953197,0.0047059,3.10348
-4.99502,0.00359727,-0.00702956,2.80253
-5.01738,-0.00230506,0.00726815,7.27585
-5.00108,-0.00442686,0.00855871,3.24773
-5.00078,0.00345654,0.00512771,3.2862
-4.99511,0.00857127,-0.0132058,5.41363
-5.01843,0.000313299,0.0061662,6.57463
-5.00905,0.00250145,-0.00963301,2.81219
-5.01159,-0.0149322,0.000569778,5.01571
-4.98488,0.0125376,-0.00783894,5.53181
-4.99371,0.00682691,-0.0151835,4.47483
-5.0093,0.0062792,-0.0109126,3.68844
-4.99042,-0.00666077,-0.00666,3.11746
-4.99611,0.0165855,-0.0120564,3.98537
-4.98895,-0.00558134,-0.00205935,2.80633
-4.98207,0.00351486,-0.00558947,6.55394
-5.0098,-0.00556928,0.00911289,4.08159
-4.98617,0.0183603,0.002042,7.52614
-5.02273,-0.00495991,-0.0117882,18.1762
-5.00113,0.00595401,-0.00897801,2.56226
-4.99813,0.010183,0.00272848,3.37791
-5.01232,0.00898945,0.0106982,3.95488
-4.99351,-0.0082519,0.00273939,4.38417
-4.9965,0.00435881,0.011239,4.29012
-5.00084,0.00244534,-0.00481785,3.38335
-4.99379,0.00445849,0.0120856,2.81595
-4.99782,0.00784539,0.0177531,7.94929
-4.99982,0.000892011,0.0111634,3.49306
-5.01686,0.00541708,-0.00493256,8.35421
-4.99348,-0.00243049,-0.0137955,4.7793
-4.99234,0.0210052,-0.00183418,10.9517
-4.9961,0.0156029,-0.00889247,7.75935
-4.99876,-0.0119856,-0.00812783,3.84766
-4.99007,-0.00193089,0.00328467,3.22395
-4.99036,0.00864988,-0.00533227,3.85145
-4.98798,0.011136,0.00461863,3.9094
-4.99286,0.00252393,0.00202808,3.13615
-4.99311,0.00281425,0.0150807,3.89713
-4.99731,0.00986981,0.020012,8.06865
-4.9944,-0.000542016,0.025073,17.1877
-4.99317,0.00307566,-0.00344381,3.72177
-4.99442,-0.00825509,-0.0146367,4.3253
-5.00712,0.00368124,0.00191593,3.96962
-5.01843,-0.0213491,0.00417203,9.90028
-5.00056,0.010314,-0.0115609,3.91667
-4.99072,-0.0064684,-0.0224409,13.7122
-5.00512,0.012595,0.00816627,5.1568
-5.01718,-0.010786,0.00194863,7.03777
-5.00963,-0.00733912,-0.0053212,3.48089
-4.98844,0.00328266,0.0179376,6.38855
-4.99348,0.00160098,-0.00700444,4.24339
-5.00067,0.0129689,0.0201365,7.22333
-5.00901,-0.00675341,0.0112274,3.73455
-4.97912,0.00489555,0.0177757,7.57201
-5.0076,0.0090565,-0.00738195,4.20154
-5.00272,-0.00226476,0.00434585,2.63132
-5.0108,-0.000457251,-0.0110464,3.1832
-5.0046,-0.00882049,-0.00812961,2.90666
-5.00824,0.00102357,0.00912366,3.79852
-5.00403,-0.00361205,0.00515412,2.70931
-5.01539,0.000845399,-0.0110342,3.40966
-4.99681,-0.0153395,0.0169135,9.09901
-4.99709,0.000273836,0.0146411,3.15573
-4.9863,-0.00172191,0.0157411,8.57168
-5.00177,-0.00439796,0.0101858,2.63758
-5.00222,-0.00247005,0.000690191,2.91667
-5.0164,0.00870845,-0.0296468,26.1762
-5.00494,-0.00494876,-0.0138931,3.41661
-5.01472,0.0264807,-0.0133902,17.6448
-4.99333,-0.0113046,0.00466658,4.08679
-5.02146,0.0213215,-0.00979843,13.4353
-5.00972,-0.00943772,-0.00278836,2.46405
-5.01205,0.00291726,-0.00172129,4.24348
-4.99053,-0.0199639,-4.88399e-05,14.7602
-5.01435,0.00344386,0.011014,5.756
-4.99524,-0.0144227,-0.00504203,4.401
-5.01165,-0.0134516,0.0106369,4.45772
-5.00047,-0.0073645,0.00245815,2.68208
-5.01623,-0.0128128,-0.00621499,6.47413
-4.9926,-0.0161655,0.0188987,8.11839
-5.00476,-0.00685896,0.000260345,3.84033
-5.01294,0.00397704,-0.0289968,15.7547
-4.99864,0.00240485,0.00278157,2.49301
-5.00707,-0.0101572,0.000937352,4.045
-4.98864,0.0248728,0.00219153,13.5224
-4.99438,-0.00322534,-0.0129115,3.06252
-5.01657,-0.0152915,0.00080771,4.663
-4.996,-0.00241566,-0.000327368,3.59948
-5.00583,-0.0130381,0.00247607,5.94211
-5.00717,0.00484542,-0.00153251,2.93528
-4.99273,0.00192009,-0.00760591,3.35714
-4.99452,-0.00809473,-0.00634039,3.79048
-4.99631,0.0051926,-0.00544446,2.34417
-5.00169,0.0121714,0.00832507,5.25712
-5.00116,0.00630883,0.0164138,6.79672
-4.98953,0.0082368,0.0132036,5.05239
-4.99812,-0.00104221,0.00104466,2.71429
-5.00513,0.00843434,0.0145179,3.82053
-5.00068,0.0040348,0.00180942,3.24287
-5.00396,-0.0025989,-0.0106471,5.07778
-4.98818,0.0107976,-0.000153561,5.14223
-5.00073,-0.00533323,0.0102428,3.38755
-5.01679,-0.0145062,-0.0328318,14.5999
-5.00874,-0.00417332,-0.010608,3.44277
-4.98929,-0.00538672,-0.0105262,3.76008
-5.02333,0.0193411,-0.00168438,7.7953
-4.9936,-0.00222273,0.00271018,2.96235
-5.02227,0.00447523,0.0027478,17.0994
-5.01541,-0.0118128,0.000992933,4.90492
-5.00292,0.00741244,0.00879187,3.56867
-5.01273,0.00731612,0.00984671,3.27538
-5.00135,0.0152926,-0.0173661,6.04333
-5.00094,0.00939609,-0.0200351,9.41113
-4.99658,-0.00431366,0.00222176,3.6402
-4.99021,0.0244118,0.00235183,21.4543
-5.00809,0.00513867,0.008465,2.83974
-5.02344,-0.0216416,-0.011201,16.9412
-5.01158,-0.00774621,0.00107056,4.34068
-4.99818,-0.0254319,0.01024,24.4523
-5.00367,-0.000822937,-0.00886178,4.4607
-4.99168,0.00284178,0.00347483,2.78873
-4.9987,0.00169481,-0.00212485,3.17317
-4.99829,-0.00937543,-0.00251521,3.41795
-4.99381,0.0131695,-0.0249246,12.3017
-4.99097,0.0127026,-0.0154541,6.08604
-4.99026,0.00417756,-0.00446387,4.39243
-4.99925,-0.000370286,-0.0176781,7.28095
-4.98468,9.08287e-05,0.00517325,9.44251
-5.00397,0.00636209,0.000492305,3.15448
-5.00604,0.0198413,0.0215793,13.9021
-5.00575,0.0141308,0.00294893,2.61439
-5.0037,-0.0127997,0.000307883,4.5746
-4.98986,-0.0135864,-0.00268267,5.09298
-4.99891,0.00784454,0.00977569,3.75041
-4.98908,0.00803298,0.00458751,3.11452
-5.00959,-0.000472713,-0.0173401,4.90599
-4.98794,0.00149636,-0.00948366,3.30011
-4.99015,0.00464585,-0.00933972,3.28268
-4.98534,-0.00787326,0.00810545,5.70662
-5.01274,-0.00519434,-0.00685572,3.09444
-5.00459,0.00534836,0.0042621,3.34939
-4.9936,0.0035616,-0.00154216,2.80912
-5.013,-0.00955134,-0.00340831,4.33426
-5.01439,-0.00545183,0.0101755,3.96285
-5.0078,0.00444247,0.018979,4.39693
-4.9911,0.012548,0.0160338,6.80432
-5.00525,0.00329611,-0.00986837,3.42165
-5.00188,0.00192342,0.0295401,34.5985
-5.00528,-0.00122852,-0.00717076,4.95383
-5.00937,0.00514301,-0.00834722,4.08803
-4.9943,0.0138108,-0.00629301,5.33774
-4.98916,0.0117498,-0.00110616,3.57603
-5.00319,0.00281878,-0.00553203,3.55952
-4.98561,-0.00462469,0.00521921,5.44324
-5.01131,-0.0126563,-0.00215795,5.89802
-5.01124,0.0121681,0.00739244,5.35455
-5.00885,0.0136806,0.00306332,4.01936
-4.98701,-0.00797305,0.00721398,4.11114
-4.99695,0.00284935,-0.00430794,2.19988
-4.99565,-0.00154169,-0.00502013,3.42308
-4.99141,-0.00628125,-0.00852858,3.9745
-5.00784,0.00824903,0.00461501,5.26291
-5.00286,0.00588489,0.00675601,4.56401
-4.99843,0.0206141,-0.0140706,16.6603
-4.99192,-0.00373738,-0.015984,5.4128
-4.99962,0.00548563,-0.00381577,2.67063
-5.00582,-0.00552114,-0.00891555,4.36125
-4.99555,0.0062176,-0.00642237,3.09583
-4.99297,0.00416035,-0.015184,3.76063
-5.01047,0.00466905,-0.00868631,3.92902
-5.00642,-0.0160086,-0.00433147,8.85684
-4.99752,0.00781687,-0.0110699,2.75074
-4.997,0.00868991,0.00636876,4.37178
-4.9898,0.0056279,-0.00326321,3.75595
-4.99435,0.00529576,-0.00226292,2.32273
-5.00439,-0.00242741,0.000339245,2.84178
-4.99433,-0.00970696,0.00483186,3.22417
-4.98807,-0.00689435,-0.0145481,6.75064
-4.99043,-0.0138012,-0.0109814,4.48975
-4.99789,-0.000203134,-0.00571189,2.72053
-5.00964,0.00286085,0.00260732,3.70343
-5.00197,-0.00600761,0.00524526,2.74236
-0.000152507,0.00513613,-0.000178249,56.3333
0.0190923,-0.0120879,0.0136432,53.7778
0.0031588,-0.00467551,-0.00611002,71.0556
0.0110699,-0.00188899,-0.00541335,77.8462
0.000258155,0.0188189,-0.0131287,64.1515
0.00724551,-0.0137198,0.00976234,74.9881
-0.00677311,0.00247043,0.00426102,114.375
0.0221788,-0.0183541,0.0104428,90.6795
0.00150272,-0.0331026,0.0134315,64.4744
0.00796784,0.00877237,0.00558399,69.9744
